purpose,wstatus,duration,unit,geo\time	2016 	2013 
FIN,ACT_INAC,N_GE1,NR,AT	369502 	378864 
FIN,ACT_INAC,N_GE1,NR,BE	2281646 	: 
FIN,ACT_INAC,N_GE1,NR,BG	2174640 	3422040 
FIN,ACT_INAC,N_GE1,NR,CH	216719 u	226911 u
FIN,ACT_INAC,N_GE1,NR,CY	124957 e	168957 e
FIN,ACT_INAC,N_GE1,NR,CZ	638601 	1158148 
FIN,ACT_INAC,N_GE1,NR,DE	5796426 	6159312 
FIN,ACT_INAC,N_GE1,NR,DK	204615 	149357 
FIN,ACT_INAC,N_GE1,NR,EA	45401396 	53501703 e
FIN,ACT_INAC,N_GE1,NR,EE	131777 	206410 
FIN,ACT_INAC,N_GE1,NR,EL	4390266 	4497263 
FIN,ACT_INAC,N_GE1,NR,ES	6253929 	12394991 
FIN,ACT_INAC,N_GE1,NR,EU27	75479226 	86923971 e
FIN,ACT_INAC,N_GE1,NR,EU28	76732557 	87899198 e
FIN,ACT_INAC,N_GE1,NR,FI	: c	67571 
FIN,ACT_INAC,N_GE1,NR,FR	5529703 	5137117 
FIN,ACT_INAC,N_GE1,NR,HR	1253331 	1038700 
FIN,ACT_INAC,N_GE1,NR,HU	1778274 	: 
FIN,ACT_INAC,N_GE1,NR,IE	520584 	690104 
FIN,ACT_INAC,N_GE1,NR,IT	14752797 	15153274 
FIN,ACT_INAC,N_GE1,NR,LT	207522 	222224 
FIN,ACT_INAC,N_GE1,NR,LU	13810 u	14945 
FIN,ACT_INAC,N_GE1,NR,LV	322121 	200190 
FIN,ACT_INAC,N_GE1,NR,ME	: c	: 
FIN,ACT_INAC,N_GE1,NR,MT	41044 	67742 
FIN,ACT_INAC,N_GE1,NR,NL	681965 	957382 
FIN,ACT_INAC,N_GE1,NR,PL	6924680 	6130000 
FIN,ACT_INAC,N_GE1,NR,PT	3399028 	4125674 
FIN,ACT_INAC,N_GE1,NR,RO	6937325 	8917406 
FIN,ACT_INAC,N_GE1,NR,SE	809032 	: 
FIN,ACT_INAC,N_GE1,NR,SI	278163 	368588 e
FIN,ACT_INAC,N_GE1,NR,SK	782101 	1317892 
FIN,ACT_INAC,N_GE1,NR,UK	10081020 	9642000 
FIN,EDUC,N_GE1,NR,EA	: u	: u
FIN,EDUC,N_GE1,NR,ES	368162 	1200718 
FIN,EDUC,N_GE1,NR,EU27	: u	: u
FIN,EDUC,N_GE1,NR,EU28	: u	: u
FIN,EDUC,N_GE1,NR,HR	: 	29695 
FIN,EDUC,N_GE1,NR,LU	: 	0 u
FIN,EDUC,N_GE1,NR,LV	10737 	: 
FIN,EDUC,N_GE1,NR,NL	73518 	99808 
FIN,EDUC,N_GE1,NR,SI	5837 u	12182 e
FIN,EMP,N_GE1,NR,EA	: u	: u
FIN,EMP,N_GE1,NR,ES	2149278 	4197599 
FIN,EMP,N_GE1,NR,EU27	: u	: u
FIN,EMP,N_GE1,NR,EU28	: u	: u
FIN,EMP,N_GE1,NR,FI	: c	14268 u
FIN,EMP,N_GE1,NR,HR	: 	288231 
FIN,EMP,N_GE1,NR,LU	: 	8385 
FIN,EMP,N_GE1,NR,LV	131249 	: 
FIN,EMP,N_GE1,NR,NL	258401 	346136 
FIN,EMP,N_GE1,NR,SI	70781 	120163 e
FIN,INAC_OTH,N_GE1,NR,EA	: u	: u
FIN,INAC_OTH,N_GE1,NR,ES	1983937 	3558997 
FIN,INAC_OTH,N_GE1,NR,EU27	: u	: u
FIN,INAC_OTH,N_GE1,NR,EU28	: u	: u
FIN,INAC_OTH,N_GE1,NR,FI	: c	30390 u
FIN,INAC_OTH,N_GE1,NR,HR	: 	480073 
FIN,INAC_OTH,N_GE1,NR,LU	: 	2720 
FIN,INAC_OTH,N_GE1,NR,LV	137634 	: 
FIN,INAC_OTH,N_GE1,NR,NL	187716 	260998 
FIN,INAC_OTH,N_GE1,NR,SI	168622 	178243 e
FIN,UNE,N_GE1,NR,EA	: u	: u
FIN,UNE,N_GE1,NR,ES	1752552 	3437676 
FIN,UNE,N_GE1,NR,EU27	: u	: u
FIN,UNE,N_GE1,NR,EU28	: u	: u
FIN,UNE,N_GE1,NR,FI	: c	22914 u
FIN,UNE,N_GE1,NR,HR	: 	240701 
FIN,UNE,N_GE1,NR,LU	: 	3839 
FIN,UNE,N_GE1,NR,LV	42501 	: 
FIN,UNE,N_GE1,NR,NL	162330 	250440 
FIN,UNE,N_GE1,NR,SI	32923 	58000 e
HLTH,ACT_INAC,N_GE1,NR,AT	547695 	461143 
HLTH,ACT_INAC,N_GE1,NR,BE	1012866 	: 
HLTH,ACT_INAC,N_GE1,NR,BG	685144 	571364 
HLTH,ACT_INAC,N_GE1,NR,CH	211732 u	223143 u
HLTH,ACT_INAC,N_GE1,NR,CY	49021 e	33460 e
HLTH,ACT_INAC,N_GE1,NR,CZ	688872 	812291 
HLTH,ACT_INAC,N_GE1,NR,DE	6889627 	5704782 
HLTH,ACT_INAC,N_GE1,NR,DK	281521 	229434 
HLTH,ACT_INAC,N_GE1,NR,EA	21880831 	21568375 e
HLTH,ACT_INAC,N_GE1,NR,EE	118485 	: 
HLTH,ACT_INAC,N_GE1,NR,EL	1031906 	1044427 
HLTH,ACT_INAC,N_GE1,NR,ES	2943142 	3570082 
HLTH,ACT_INAC,N_GE1,NR,EU27	30860800 	30523767 e
HLTH,ACT_INAC,N_GE1,NR,EU28	31354754 	30737839 e
HLTH,ACT_INAC,N_GE1,NR,FI	81727 u	85205 
HLTH,ACT_INAC,N_GE1,NR,FR	2164086 	2397379 
HLTH,ACT_INAC,N_GE1,NR,HR	493954 	244161 
HLTH,ACT_INAC,N_GE1,NR,HU	847262 	: 
HLTH,ACT_INAC,N_GE1,NR,IE	178748 	133528 
HLTH,ACT_INAC,N_GE1,NR,IT	4304022 	4833939 
HLTH,ACT_INAC,N_GE1,NR,LT	155226 	184146 
HLTH,ACT_INAC,N_GE1,NR,LU	17914 	22713 
HLTH,ACT_INAC,N_GE1,NR,LV	153987 	156601 
HLTH,ACT_INAC,N_GE1,NR,ME	: c	: 
HLTH,ACT_INAC,N_GE1,NR,MT	31619 	34168 
HLTH,ACT_INAC,N_GE1,NR,NL	459156 	462168 
HLTH,ACT_INAC,N_GE1,NR,PL	3254694 	2910000 
HLTH,ACT_INAC,N_GE1,NR,PT	1354838 	1287352 
HLTH,ACT_INAC,N_GE1,NR,RO	1608420 	2159730 
HLTH,ACT_INAC,N_GE1,NR,SE	335513 	: 
HLTH,ACT_INAC,N_GE1,NR,SI	201272 	212912 e
HLTH,ACT_INAC,N_GE1,NR,SK	498848 	475624 
HLTH,ACT_INAC,N_GE1,NR,UK	969330 	773200 
HLTH,EDUC,N_GE1,NR,EA	: u	: u
HLTH,EDUC,N_GE1,NR,ES	: c	32473 
HLTH,EDUC,N_GE1,NR,EU27	: u	: u
HLTH,EDUC,N_GE1,NR,EU28	: u	: u
HLTH,EDUC,N_GE1,NR,FI	: 	0 u
HLTH,EDUC,N_GE1,NR,HR	: 	0 
HLTH,EDUC,N_GE1,NR,LU	: 	0 u
HLTH,EDUC,N_GE1,NR,LV	368 	: 
HLTH,EDUC,N_GE1,NR,NL	21309 	6206 
HLTH,EDUC,N_GE1,NR,SI	381 u	1141 u
HLTH,EMP,N_GE1,NR,EA	: u	: u
HLTH,EMP,N_GE1,NR,ES	196581 	215046 
HLTH,EMP,N_GE1,NR,EU27	: u	: u
HLTH,EMP,N_GE1,NR,EU28	: u	: u
HLTH,EMP,N_GE1,NR,FI	: c	3288 u
HLTH,EMP,N_GE1,NR,HR	: 	24264 
HLTH,EMP,N_GE1,NR,LU	: 	2399 
HLTH,EMP,N_GE1,NR,LV	3660 	: 
HLTH,EMP,N_GE1,NR,NL	59540 	46595 
HLTH,EMP,N_GE1,NR,SI	24097 	22944 e
HLTH,INAC_OTH,N_GE1,NR,EA	: u	: u
HLTH,INAC_OTH,N_GE1,NR,ES	2626959 	3218020 
HLTH,INAC_OTH,N_GE1,NR,EU27	: u	: u
HLTH,INAC_OTH,N_GE1,NR,EU28	: u	: u
HLTH,INAC_OTH,N_GE1,NR,FI	77684 u	78545 
HLTH,INAC_OTH,N_GE1,NR,HR	: 	212648 
HLTH,INAC_OTH,N_GE1,NR,LU	: 	18249 
HLTH,INAC_OTH,N_GE1,NR,LV	149598 	: 
HLTH,INAC_OTH,N_GE1,NR,NL	282316 	317360 
HLTH,INAC_OTH,N_GE1,NR,SI	172003 	177308 e
HLTH,UNE,N_GE1,NR,EA	: u	: u
HLTH,UNE,N_GE1,NR,ES	111867 	104543 
HLTH,UNE,N_GE1,NR,EU27	: u	: u
HLTH,UNE,N_GE1,NR,EU28	: u	: u
HLTH,UNE,N_GE1,NR,FI	: 	3372 u
HLTH,UNE,N_GE1,NR,HR	: 	7249 
HLTH,UNE,N_GE1,NR,LU	: 	2065 
HLTH,UNE,N_GE1,NR,LV	361 	: 
HLTH,UNE,N_GE1,NR,NL	95991 	92008 
HLTH,UNE,N_GE1,NR,SI	4791 u	11520 u
NINT,ACT_INAC,N_GE1,NR,AT	655762 	528004 
NINT,ACT_INAC,N_GE1,NR,BE	1823948 	: 
NINT,ACT_INAC,N_GE1,NR,BG	31263 	14498 
NINT,ACT_INAC,N_GE1,NR,CH	147936 u	140676 u
NINT,ACT_INAC,N_GE1,NR,CY	16949 e	52743 e
NINT,ACT_INAC,N_GE1,NR,CZ	387063 	466563 
NINT,ACT_INAC,N_GE1,NR,DE	6134888 	6478870 
NINT,ACT_INAC,N_GE1,NR,DK	25825 	84287 
NINT,ACT_INAC,N_GE1,NR,EA	24477382 	24288862 e
NINT,ACT_INAC,N_GE1,NR,EE	96490 	96844 
NINT,ACT_INAC,N_GE1,NR,EL	639400 	332668 
NINT,ACT_INAC,N_GE1,NR,ES	2575316 	3704305 
NINT,ACT_INAC,N_GE1,NR,EU27	32161001 	31524641 e
NINT,ACT_INAC,N_GE1,NR,EU28	32451914 	31720680 e
NINT,ACT_INAC,N_GE1,NR,FI	131789 u	143199 
NINT,ACT_INAC,N_GE1,NR,FR	1897080 	1696716 
NINT,ACT_INAC,N_GE1,NR,HR	290913 	230210 
NINT,ACT_INAC,N_GE1,NR,HU	111173 	: 
NINT,ACT_INAC,N_GE1,NR,IE	235563 	192261 
NINT,ACT_INAC,N_GE1,NR,IT	5920208 	6207349 
NINT,ACT_INAC,N_GE1,NR,LT	77352 	66223 
NINT,ACT_INAC,N_GE1,NR,LU	22319 	19821 
NINT,ACT_INAC,N_GE1,NR,LV	62220 	37619 
NINT,ACT_INAC,N_GE1,NR,ME	: c	: 
NINT,ACT_INAC,N_GE1,NR,MT	39688 	26354 
NINT,ACT_INAC,N_GE1,NR,NL	548545 	628462 
NINT,ACT_INAC,N_GE1,NR,PL	2990258 	2070000 
NINT,ACT_INAC,N_GE1,NR,PT	2717497 	2608470 
NINT,ACT_INAC,N_GE1,NR,RO	617053 	: 
NINT,ACT_INAC,N_GE1,NR,SE	1055022 	: 
NINT,ACT_INAC,N_GE1,NR,SI	137075 	111369 e
NINT,ACT_INAC,N_GE1,NR,SK	887556 	646247 
NINT,ACT_INAC,N_GE1,NR,UK	2326390 	2106900 
NINT,EDUC,N_GE1,NR,EA	: u	: u
NINT,EDUC,N_GE1,NR,ES	: c	192740 
NINT,EDUC,N_GE1,NR,EU27	: u	: u
NINT,EDUC,N_GE1,NR,EU28	: u	: u
NINT,EDUC,N_GE1,NR,FI	: 	6802 u
NINT,EDUC,N_GE1,NR,HR	: 	23835 
NINT,EDUC,N_GE1,NR,LU	: 	2343 
NINT,EDUC,N_GE1,NR,LV	1784 	: 
NINT,EDUC,N_GE1,NR,NL	17795 	44060 
NINT,EDUC,N_GE1,NR,SI	6224 u	3944 u
NINT,EMP,N_GE1,NR,EA	: u	: u
NINT,EMP,N_GE1,NR,ES	529427 	980166 
NINT,EMP,N_GE1,NR,EU27	: u	: u
NINT,EMP,N_GE1,NR,EU28	: u	: u
NINT,EMP,N_GE1,NR,FI	: c	32633 u
NINT,EMP,N_GE1,NR,HR	: 	49514 
NINT,EMP,N_GE1,NR,LU	: 	9003 
NINT,EMP,N_GE1,NR,LV	32631 	: 
NINT,EMP,N_GE1,NR,NL	183109 	189236 
NINT,EMP,N_GE1,NR,SI	34347 	30250 e
NINT,INAC_OTH,N_GE1,NR,EA	: u	: u
NINT,INAC_OTH,N_GE1,NR,ES	1719916 	2172702 
NINT,INAC_OTH,N_GE1,NR,EU27	: u	: u
NINT,INAC_OTH,N_GE1,NR,EU28	: u	: u
NINT,INAC_OTH,N_GE1,NR,FI	83449 u	94332 
NINT,INAC_OTH,N_GE1,NR,HR	: 	114350 
NINT,INAC_OTH,N_GE1,NR,LU	: 	7617 
NINT,INAC_OTH,N_GE1,NR,LV	26268 	: 
NINT,INAC_OTH,N_GE1,NR,NL	264897 	288044 
NINT,INAC_OTH,N_GE1,NR,SI	86484 	67715 e
NINT,UNE,N_GE1,NR,EA	: u	: u
NINT,UNE,N_GE1,NR,ES	245011 	358697 
NINT,UNE,N_GE1,NR,EU27	: u	: u
NINT,UNE,N_GE1,NR,EU28	: u	: u
NINT,UNE,N_GE1,NR,FI	: c	9433 u
NINT,UNE,N_GE1,NR,HR	: 	42511 
NINT,UNE,N_GE1,NR,LU	: 	859 
NINT,UNE,N_GE1,NR,LV	1539 	: 
NINT,UNE,N_GE1,NR,NL	82744 	107123 
NINT,UNE,N_GE1,NR,SI	10019 u	9461 u
NTIME_FAM,ACT_INAC,N_GE1,NR,AT	422071 	345094 
NTIME_FAM,ACT_INAC,N_GE1,NR,BE	808684 	: 
NTIME_FAM,ACT_INAC,N_GE1,NR,BG	404004 	305004 
NTIME_FAM,ACT_INAC,N_GE1,NR,CH	81401 u	55223 u
NTIME_FAM,ACT_INAC,N_GE1,NR,CY	39439 e	12001 e
NTIME_FAM,ACT_INAC,N_GE1,NR,CZ	248022 	201942 
NTIME_FAM,ACT_INAC,N_GE1,NR,DE	4156299 	5202157 
NTIME_FAM,ACT_INAC,N_GE1,NR,DK	10870 	5975 
NTIME_FAM,ACT_INAC,N_GE1,NR,EA	14632072 	16960274 e
NTIME_FAM,ACT_INAC,N_GE1,NR,EE	47485 u	58291 
NTIME_FAM,ACT_INAC,N_GE1,NR,EL	525572 	557004 
NTIME_FAM,ACT_INAC,N_GE1,NR,ES	1464190 	3620624 
NTIME_FAM,ACT_INAC,N_GE1,NR,EU27	20985276 	23148489 e
NTIME_FAM,ACT_INAC,N_GE1,NR,EU28	21308551 	23215240 e
NTIME_FAM,ACT_INAC,N_GE1,NR,FI	: c	25486 u
NTIME_FAM,ACT_INAC,N_GE1,NR,FR	1151056 	969896 
NTIME_FAM,ACT_INAC,N_GE1,NR,HR	323275 	95318 
NTIME_FAM,ACT_INAC,N_GE1,NR,HU	134412 	: 
NTIME_FAM,ACT_INAC,N_GE1,NR,IE	121996 	91892 
NTIME_FAM,ACT_INAC,N_GE1,NR,IT	4342547 	4113330 
NTIME_FAM,ACT_INAC,N_GE1,NR,LT	51422 	33592 
NTIME_FAM,ACT_INAC,N_GE1,NR,LU	18326 	16233 
NTIME_FAM,ACT_INAC,N_GE1,NR,LV	57419 	16258 
NTIME_FAM,ACT_INAC,N_GE1,NR,ME	: c	: 
NTIME_FAM,ACT_INAC,N_GE1,NR,MT	10374 u	20868 
NTIME_FAM,ACT_INAC,N_GE1,NR,NL	139791 	116025 
NTIME_FAM,ACT_INAC,N_GE1,NR,PL	1913097 	1970000 
NTIME_FAM,ACT_INAC,N_GE1,NR,PT	956068 	813467 
NTIME_FAM,ACT_INAC,N_GE1,NR,RO	1116372 	707455 
NTIME_FAM,ACT_INAC,N_GE1,NR,SE	91196 	: 
NTIME_FAM,ACT_INAC,N_GE1,NR,SI	34087 	47562 e
NTIME_FAM,ACT_INAC,N_GE1,NR,SK	378294 	381126 
NTIME_FAM,ACT_INAC,N_GE1,NR,UK	2326390 	2085400 
NTIME_FAM,EDUC,N_GE1,NR,EA	: u	: u
NTIME_FAM,EDUC,N_GE1,NR,ES	: c	229244 
NTIME_FAM,EDUC,N_GE1,NR,EU27	: u	: u
NTIME_FAM,EDUC,N_GE1,NR,EU28	: u	: u
NTIME_FAM,EDUC,N_GE1,NR,FI	: 	0 u
NTIME_FAM,EDUC,N_GE1,NR,HR	: 	8563 
NTIME_FAM,EDUC,N_GE1,NR,LU	: 	879 
NTIME_FAM,EDUC,N_GE1,NR,LV	1238 	: 
NTIME_FAM,EDUC,N_GE1,NR,NL	1999 	5443 
NTIME_FAM,EDUC,N_GE1,NR,SI	1585 u	961 u
NTIME_FAM,EMP,N_GE1,NR,EA	: u	: u
NTIME_FAM,EMP,N_GE1,NR,ES	474089 	1061957 
NTIME_FAM,EMP,N_GE1,NR,EU27	: u	: u
NTIME_FAM,EMP,N_GE1,NR,EU28	: u	: u
NTIME_FAM,EMP,N_GE1,NR,FI	: c	0 u
NTIME_FAM,EMP,N_GE1,NR,HR	: 	17909 
NTIME_FAM,EMP,N_GE1,NR,LU	: 	9035 
NTIME_FAM,EMP,N_GE1,NR,LV	32574 	: 
NTIME_FAM,EMP,N_GE1,NR,NL	62643 	63732 
NTIME_FAM,EMP,N_GE1,NR,SI	15148 	23593 e
NTIME_FAM,INAC_OTH,N_GE1,NR,EA	: u	: u
NTIME_FAM,INAC_OTH,N_GE1,NR,ES	758448 	1825261 
NTIME_FAM,INAC_OTH,N_GE1,NR,EU27	: u	: u
NTIME_FAM,INAC_OTH,N_GE1,NR,EU28	: u	: u
NTIME_FAM,INAC_OTH,N_GE1,NR,FI	: c	22071 u
NTIME_FAM,INAC_OTH,N_GE1,NR,HR	: 	49579 
NTIME_FAM,INAC_OTH,N_GE1,NR,LU	: 	2999 
NTIME_FAM,INAC_OTH,N_GE1,NR,LV	18115 	: 
NTIME_FAM,INAC_OTH,N_GE1,NR,NL	47460 	33936 
NTIME_FAM,INAC_OTH,N_GE1,NR,SI	16385 	16239 e
NTIME_FAM,UNE,N_GE1,NR,EA	: u	: u
NTIME_FAM,UNE,N_GE1,NR,ES	209090 	504161 
NTIME_FAM,UNE,N_GE1,NR,EU27	: u	: u
NTIME_FAM,UNE,N_GE1,NR,EU28	: u	: u
NTIME_FAM,UNE,N_GE1,NR,FI	: 	3415 u
NTIME_FAM,UNE,N_GE1,NR,HR	: 	19267 
NTIME_FAM,UNE,N_GE1,NR,LU	: 	3320 
NTIME_FAM,UNE,N_GE1,NR,LV	5493 	: 
NTIME_FAM,UNE,N_GE1,NR,NL	27689 	12913 
NTIME_FAM,UNE,N_GE1,NR,SI	968 u	6769 u
NTIME_WRK_STU,ACT_INAC,N_GE1,NR,AT	429894 	345349 
NTIME_WRK_STU,ACT_INAC,N_GE1,NR,BE	1021233 	: 
NTIME_WRK_STU,ACT_INAC,N_GE1,NR,BG	786101 	591069 
NTIME_WRK_STU,ACT_INAC,N_GE1,NR,CH	94709 u	65374 u
NTIME_WRK_STU,ACT_INAC,N_GE1,NR,CY	27675 e	51583 e
NTIME_WRK_STU,ACT_INAC,N_GE1,NR,CZ	182168 	262553 
NTIME_WRK_STU,ACT_INAC,N_GE1,NR,DE	4401482 	4539459 
NTIME_WRK_STU,ACT_INAC,N_GE1,NR,DK	103326 	60143 
NTIME_WRK_STU,ACT_INAC,N_GE1,NR,EA	16359553 	16519582 e
NTIME_WRK_STU,ACT_INAC,N_GE1,NR,EE	46860 u	65795 
NTIME_WRK_STU,ACT_INAC,N_GE1,NR,EL	592496 	581118 
NTIME_WRK_STU,ACT_INAC,N_GE1,NR,ES	1862929 	3818105 
NTIME_WRK_STU,ACT_INAC,N_GE1,NR,EU27	25143695 	28577246 e
NTIME_WRK_STU,ACT_INAC,N_GE1,NR,EU28	25403201 	28723769 e
NTIME_WRK_STU,ACT_INAC,N_GE1,NR,FI	: c	22089 u
NTIME_WRK_STU,ACT_INAC,N_GE1,NR,FR	1610939 	1094323 
NTIME_WRK_STU,ACT_INAC,N_GE1,NR,HR	259506 	177913 
NTIME_WRK_STU,ACT_INAC,N_GE1,NR,HU	583299 	: 
NTIME_WRK_STU,ACT_INAC,N_GE1,NR,IE	134325 	99278 
NTIME_WRK_STU,ACT_INAC,N_GE1,NR,IT	4094361 	3245178 
NTIME_WRK_STU,ACT_INAC,N_GE1,NR,LT	110842 	133729 
NTIME_WRK_STU,ACT_INAC,N_GE1,NR,LU	7643 u	6722 
NTIME_WRK_STU,ACT_INAC,N_GE1,NR,LV	61907 	26739 
NTIME_WRK_STU,ACT_INAC,N_GE1,NR,ME	: c	: 
NTIME_WRK_STU,ACT_INAC,N_GE1,NR,MT	16377 	14119 
NTIME_WRK_STU,ACT_INAC,N_GE1,NR,NL	227471 	157157 
NTIME_WRK_STU,ACT_INAC,N_GE1,NR,PL	3000622 	6230000 
NTIME_WRK_STU,ACT_INAC,N_GE1,NR,PT	1589323 	1572615 
NTIME_WRK_STU,ACT_INAC,N_GE1,NR,RO	1639025 	1280567 
NTIME_WRK_STU,ACT_INAC,N_GE1,NR,SE	184332 	: 
NTIME_WRK_STU,ACT_INAC,N_GE1,NR,SI	112280 	97116 e
NTIME_WRK_STU,ACT_INAC,N_GE1,NR,SK	153038 	255148 
NTIME_WRK_STU,ACT_INAC,N_GE1,NR,UK	2132520 	2259700 
NTIME_WRK_STU,EDUC,N_GE1,NR,EA	: u	: u
NTIME_WRK_STU,EDUC,N_GE1,NR,ES	209287 	384577 
NTIME_WRK_STU,EDUC,N_GE1,NR,EU27	: u	: u
NTIME_WRK_STU,EDUC,N_GE1,NR,EU28	: u	: u
NTIME_WRK_STU,EDUC,N_GE1,NR,FI	: 	0 u
NTIME_WRK_STU,EDUC,N_GE1,NR,HR	: 	27499 
NTIME_WRK_STU,EDUC,N_GE1,NR,LU	: 	353 
NTIME_WRK_STU,EDUC,N_GE1,NR,LV	5242 	: 
NTIME_WRK_STU,EDUC,N_GE1,NR,NL	61153 	41445 
NTIME_WRK_STU,EDUC,N_GE1,NR,SI	11115 u	12895 e
NTIME_WRK_STU,EMP,N_GE1,NR,EA	: u	: u
NTIME_WRK_STU,EMP,N_GE1,NR,ES	1447103 	2858710 
NTIME_WRK_STU,EMP,N_GE1,NR,EU27	: u	: u
NTIME_WRK_STU,EMP,N_GE1,NR,EU28	: u	: u
NTIME_WRK_STU,EMP,N_GE1,NR,FI	: c	16698 u
NTIME_WRK_STU,EMP,N_GE1,NR,HR	: 	102504 
NTIME_WRK_STU,EMP,N_GE1,NR,LU	: 	5266 
NTIME_WRK_STU,EMP,N_GE1,NR,LV	53821 	: 
NTIME_WRK_STU,EMP,N_GE1,NR,NL	123350 	111319 
NTIME_WRK_STU,EMP,N_GE1,NR,SI	62866 	55762 e
NTIME_WRK_STU,INAC_OTH,N_GE1,NR,EA	: u	: u
NTIME_WRK_STU,INAC_OTH,N_GE1,NR,ES	73180 u	286575 
NTIME_WRK_STU,INAC_OTH,N_GE1,NR,EU27	: u	: u
NTIME_WRK_STU,INAC_OTH,N_GE1,NR,EU28	: u	: u
NTIME_WRK_STU,INAC_OTH,N_GE1,NR,FI	: c	2347 u
NTIME_WRK_STU,INAC_OTH,N_GE1,NR,HR	: 	9404 
NTIME_WRK_STU,INAC_OTH,N_GE1,NR,LU	: 	286 
NTIME_WRK_STU,INAC_OTH,N_GE1,NR,LV	2409 	: 
NTIME_WRK_STU,INAC_OTH,N_GE1,NR,NL	20769 	4393 
NTIME_WRK_STU,INAC_OTH,N_GE1,NR,SI	29937 	17582 e
NTIME_WRK_STU,UNE,N_GE1,NR,EA	: u	: u
NTIME_WRK_STU,UNE,N_GE1,NR,ES	133359 	288242 
NTIME_WRK_STU,UNE,N_GE1,NR,EU27	: u	: u
NTIME_WRK_STU,UNE,N_GE1,NR,EU28	: u	: u
NTIME_WRK_STU,UNE,N_GE1,NR,FI	: 	3044 u
NTIME_WRK_STU,UNE,N_GE1,NR,HR	: 	38505 
NTIME_WRK_STU,UNE,N_GE1,NR,LU	: 	816 
NTIME_WRK_STU,UNE,N_GE1,NR,LV	434 	: 
NTIME_WRK_STU,UNE,N_GE1,NR,NL	22199 	0 
NTIME_WRK_STU,UNE,N_GE1,NR,SI	8362 u	10877 u
OTH,ACT_INAC,N_GE1,NR,AT	100492 	142519 
OTH,ACT_INAC,N_GE1,NR,BE	897023 	: 
OTH,ACT_INAC,N_GE1,NR,BG	255649 	164650 
OTH,ACT_INAC,N_GE1,NR,CH	94882 u	152859 u
OTH,ACT_INAC,N_GE1,NR,CY	32314 e	24927 e
OTH,ACT_INAC,N_GE1,NR,CZ	85927 u	199853 
OTH,ACT_INAC,N_GE1,NR,DE	1988673 	1603759 
OTH,ACT_INAC,N_GE1,NR,DK	341671 	302968 
OTH,ACT_INAC,N_GE1,NR,EA	8906417 	7415178 e
OTH,ACT_INAC,N_GE1,NR,EE	41316 u	93777 
OTH,ACT_INAC,N_GE1,NR,EL	432580 	255746 
OTH,ACT_INAC,N_GE1,NR,ES	685359 	: 
OTH,ACT_INAC,N_GE1,NR,EU27	12805350 	12623757 e
OTH,ACT_INAC,N_GE1,NR,EU28	12947100 	12752516 e
OTH,ACT_INAC,N_GE1,NR,FI	: c	65148 
OTH,ACT_INAC,N_GE1,NR,FR	1515301 	1374604 
OTH,ACT_INAC,N_GE1,NR,HR	141750 	135637 
OTH,ACT_INAC,N_GE1,NR,HU	381363 	: 
OTH,ACT_INAC,N_GE1,NR,IE	72132 	74736 
OTH,ACT_INAC,N_GE1,NR,IT	1858658 	1166922 
OTH,ACT_INAC,N_GE1,NR,LT	418083 	464390 
OTH,ACT_INAC,N_GE1,NR,LU	16907 	10747 
OTH,ACT_INAC,N_GE1,NR,LV	12416 	368074 
OTH,ACT_INAC,N_GE1,NR,ME	: c	: 
OTH,ACT_INAC,N_GE1,NR,MT	19117 	27906 
OTH,ACT_INAC,N_GE1,NR,NL	299704 	277006 
OTH,ACT_INAC,N_GE1,NR,PL	614499 	490000 
OTH,ACT_INAC,N_GE1,NR,PT	755878 	658457 
OTH,ACT_INAC,N_GE1,NR,RO	599003 	649909 
OTH,ACT_INAC,N_GE1,NR,SE	216902 	: 
OTH,ACT_INAC,N_GE1,NR,SI	23482 	16797 e
OTH,ACT_INAC,N_GE1,NR,SK	105758 	331384 
OTH,ACT_INAC,N_GE1,NR,UK	973420 	1905700 
OTH,EDUC,N_GE1,NR,EA	: u	: u
OTH,EDUC,N_GE1,NR,ES	98437 u	: 
OTH,EDUC,N_GE1,NR,EU27	: u	: u
OTH,EDUC,N_GE1,NR,EU28	: u	: u
OTH,EDUC,N_GE1,NR,FI	: c	0 u
OTH,EDUC,N_GE1,NR,HR	: 	19140 
OTH,EDUC,N_GE1,NR,LU	: 	1617 
OTH,EDUC,N_GE1,NR,LV	447 	: 
OTH,EDUC,N_GE1,NR,NL	9492 	5449 
OTH,EDUC,N_GE1,NR,SI	1236 u	1667 u
OTH,EMP,N_GE1,NR,EA	: u	: u
OTH,EMP,N_GE1,NR,ES	274367 	: 
OTH,EMP,N_GE1,NR,EU27	: u	: u
OTH,EMP,N_GE1,NR,EU28	: u	: u
OTH,EMP,N_GE1,NR,FI	: c	27337 u
OTH,EMP,N_GE1,NR,HR	: 	35471 
OTH,EMP,N_GE1,NR,LU	: 	3014 
OTH,EMP,N_GE1,NR,LV	8681 	: 
OTH,EMP,N_GE1,NR,NL	163071 	149553 
OTH,EMP,N_GE1,NR,SI	4891 u	2816 u
OTH,INAC_OTH,N_GE1,NR,EA	: u	: u
OTH,INAC_OTH,N_GE1,NR,ES	257631 	: 
OTH,INAC_OTH,N_GE1,NR,EU27	: u	: u
OTH,INAC_OTH,N_GE1,NR,EU28	: u	: u
OTH,INAC_OTH,N_GE1,NR,FI	: c	23819 u
OTH,INAC_OTH,N_GE1,NR,HR	: 	61519 
OTH,INAC_OTH,N_GE1,NR,LU	: 	4891 
OTH,INAC_OTH,N_GE1,NR,LV	2845 	: 
OTH,INAC_OTH,N_GE1,NR,NL	106394 	100698 
OTH,INAC_OTH,N_GE1,NR,SI	16500 	10450 e
OTH,UNE,N_GE1,NR,EA	: u	: u
OTH,UNE,N_GE1,NR,ES	: c	: 
OTH,UNE,N_GE1,NR,EU27	: u	: u
OTH,UNE,N_GE1,NR,EU28	: u	: u
OTH,UNE,N_GE1,NR,FI	: c	13993 u
OTH,UNE,N_GE1,NR,HR	: 	19507 
OTH,UNE,N_GE1,NR,LU	: 	1226 
OTH,UNE,N_GE1,NR,LV	442 	: 
OTH,UNE,N_GE1,NR,NL	20748 	21306 
OTH,UNE,N_GE1,NR,SI	855 u	1864 u
SAFE,ACT_INAC,N_GE1,NR,AT	174306 	21619 u
SAFE,ACT_INAC,N_GE1,NR,BE	158030 	: 
SAFE,ACT_INAC,N_GE1,NR,BG	6064 	0 
SAFE,ACT_INAC,N_GE1,NR,CH	6211 u	0 u
SAFE,ACT_INAC,N_GE1,NR,CY	928 u	417 e
SAFE,ACT_INAC,N_GE1,NR,CZ	: c	39582 
SAFE,ACT_INAC,N_GE1,NR,DE	2317686 	1274148 
SAFE,ACT_INAC,N_GE1,NR,DK	0 	0 
SAFE,ACT_INAC,N_GE1,NR,EA	3301204 	1899241 e
SAFE,ACT_INAC,N_GE1,NR,EE	: c	7145 u
SAFE,ACT_INAC,N_GE1,NR,EL	34429 	44435 
SAFE,ACT_INAC,N_GE1,NR,ES	: c	89213 
SAFE,ACT_INAC,N_GE1,NR,EU27	4324688 	2473847 e
SAFE,ACT_INAC,N_GE1,NR,EU28	4327121 	2469159 e
SAFE,ACT_INAC,N_GE1,NR,FI	: c	3297 u
SAFE,ACT_INAC,N_GE1,NR,FR	129835 	119965 
SAFE,ACT_INAC,N_GE1,NR,HR	2433 	0 
SAFE,ACT_INAC,N_GE1,NR,HU	0 	: 
SAFE,ACT_INAC,N_GE1,NR,IE	28580 	9721 
SAFE,ACT_INAC,N_GE1,NR,IT	: c	0 
SAFE,ACT_INAC,N_GE1,NR,LT	32182 	4969 
SAFE,ACT_INAC,N_GE1,NR,LU	: c	1395 
SAFE,ACT_INAC,N_GE1,NR,LV	0 	0 
SAFE,ACT_INAC,N_GE1,NR,ME	: c	: 
SAFE,ACT_INAC,N_GE1,NR,MT	6489 u	1918 
SAFE,ACT_INAC,N_GE1,NR,NL	52155 	30596 
SAFE,ACT_INAC,N_GE1,NR,PL	290081 	150000 
SAFE,ACT_INAC,N_GE1,NR,PT	169745 	200425 
SAFE,ACT_INAC,N_GE1,NR,RO	16736 	: 
SAFE,ACT_INAC,N_GE1,NR,SE	62423 	: 
SAFE,ACT_INAC,N_GE1,NR,SI	8975 u	4628 u
SAFE,ACT_INAC,N_GE1,NR,SK	64082 	26577 
SAFE,ACT_INAC,N_GE1,NR,UK	581600 	192300 
SAFE,EDUC,N_GE1,NR,EA	: u	: u
SAFE,EDUC,N_GE1,NR,ES	: c	1707 
SAFE,EDUC,N_GE1,NR,EU27	: u	: u
SAFE,EDUC,N_GE1,NR,EU28	: u	: u
SAFE,EDUC,N_GE1,NR,FI	: 	3297 u
SAFE,EDUC,N_GE1,NR,HR	: 	0 
SAFE,EDUC,N_GE1,NR,LU	: 	0 u
SAFE,EDUC,N_GE1,NR,LV	0 	: 
SAFE,EDUC,N_GE1,NR,NL	0 	0 
SAFE,EDUC,N_GE1,NR,SI	0 u	0 u
SAFE,EMP,N_GE1,NR,EA	: u	: u
SAFE,EMP,N_GE1,NR,ES	: c	255 
SAFE,EMP,N_GE1,NR,EU27	: u	: u
SAFE,EMP,N_GE1,NR,EU28	: u	: u
SAFE,EMP,N_GE1,NR,FI	: c	0 u
SAFE,EMP,N_GE1,NR,HR	: 	0 
SAFE,EMP,N_GE1,NR,LU	: 	410 
SAFE,EMP,N_GE1,NR,LV	0 	: 
SAFE,EMP,N_GE1,NR,NL	21527 	7385 
SAFE,EMP,N_GE1,NR,SI	957 u	409 u
SAFE,INAC_OTH,N_GE1,NR,EA	: u	: u
SAFE,INAC_OTH,N_GE1,NR,ES	: c	86614 
SAFE,INAC_OTH,N_GE1,NR,EU27	: u	: u
SAFE,INAC_OTH,N_GE1,NR,EU28	: u	: u
SAFE,INAC_OTH,N_GE1,NR,FI	: 	0 u
SAFE,INAC_OTH,N_GE1,NR,HR	: 	0 
SAFE,INAC_OTH,N_GE1,NR,LU	: 	985 
SAFE,INAC_OTH,N_GE1,NR,LV	0 	: 
SAFE,INAC_OTH,N_GE1,NR,NL	21411 	13729 
SAFE,INAC_OTH,N_GE1,NR,SI	7189 u	4219 u
SAFE,UNE,N_GE1,NR,EA	: u	: u
SAFE,UNE,N_GE1,NR,ES	: c	637 
SAFE,UNE,N_GE1,NR,EU27	: u	: u
SAFE,UNE,N_GE1,NR,EU28	: u	: u
SAFE,UNE,N_GE1,NR,FI	: 	0 u
SAFE,UNE,N_GE1,NR,HR	: 	0 
SAFE,UNE,N_GE1,NR,LU	: 	0 u
SAFE,UNE,N_GE1,NR,LV	0 	: 
SAFE,UNE,N_GE1,NR,NL	9217 	9483 
SAFE,UNE,N_GE1,NR,SI	829 u	0 u
TOTAL,ACT_INAC,N_GE1,NR,AT	1711778 	1685996 
TOTAL,ACT_INAC,N_GE1,NR,BE	4129125 	3561452 
TOTAL,ACT_INAC,N_GE1,NR,BG	4342865 	4958246 
TOTAL,ACT_INAC,N_GE1,NR,CH	695956 	864186 
TOTAL,ACT_INAC,N_GE1,NR,CY	220244 e	344089 e
TOTAL,ACT_INAC,N_GE1,NR,CZ	1714763 	2362408 
TOTAL,ACT_INAC,N_GE1,NR,DE	17532690 	15667410 
TOTAL,ACT_INAC,N_GE1,NR,DK	967828 	832164 
TOTAL,ACT_INAC,N_GE1,NR,EA	98342774 	100945565 
TOTAL,ACT_INAC,N_GE1,NR,EE	345441 	431956 
TOTAL,ACT_INAC,N_GE1,NR,EL	5887825 	6314823 
TOTAL,ACT_INAC,N_GE1,NR,ES	13357269 	17743785 
TOTAL,ACT_INAC,N_GE1,NR,EU27	158597406 	166728715 e
TOTAL,ACT_INAC,N_GE1,NR,EU28	160632342 	168501421 e
TOTAL,ACT_INAC,N_GE1,NR,FI	381447 	411997 
TOTAL,ACT_INAC,N_GE1,NR,FR	13998000 	12790000 
TOTAL,ACT_INAC,N_GE1,NR,HR	2034936 	1921940 
TOTAL,ACT_INAC,N_GE1,NR,HU	3835783 	4038089 
TOTAL,ACT_INAC,N_GE1,NR,IE	969893 	1063373 
TOTAL,ACT_INAC,N_GE1,NR,IT	30254825 	30222326 
TOTAL,ACT_INAC,N_GE1,NR,LT	1052629 	1109273 
TOTAL,ACT_INAC,N_GE1,NR,LU	91805 	78707 
TOTAL,ACT_INAC,N_GE1,NR,LV	670069 	805481 
TOTAL,ACT_INAC,N_GE1,NR,ME	: c	: 
TOTAL,ACT_INAC,N_GE1,NR,MT	156764 	179284 
TOTAL,ACT_INAC,N_GE1,NR,NL	2050037 	2146676 
TOTAL,ACT_INAC,N_GE1,NR,NO	: 	332500 
TOTAL,ACT_INAC,N_GE1,NR,PL	14003907 	15670000 
TOTAL,ACT_INAC,N_GE1,NR,PT	5121971 	5611356 
TOTAL,ACT_INAC,N_GE1,NR,RO	12533934 	13715067 
TOTAL,ACT_INAC,N_GE1,NR,SE	1746274 	: 
TOTAL,ACT_INAC,N_GE1,NR,SI	587146 	678443 e
TOTAL,ACT_INAC,N_GE1,NR,SK	1555903 	2013892 
TOTAL,ACT_INAC,N_GE1,NR,UK	19386580 	18965300 
TOTAL,ACT_INAC,N_GE1,PC_POP,BE	: 	38.42 
TOTAL,ACT_INAC,N_GE1,PC_POP,HU	: 	48.32 
TOTAL,ACT_INAC,N_GE1,PC_POP,NO	: 	8.66 
TOTAL,EDUC,N_GE1,NR,EA	: u	: u
TOTAL,EDUC,N_GE1,NR,ES	718117 	1520602 
TOTAL,EDUC,N_GE1,NR,EU27	: u	: u
TOTAL,EDUC,N_GE1,NR,EU28	: u	: u
TOTAL,EDUC,N_GE1,NR,FI	: c	10099 u
TOTAL,EDUC,N_GE1,NR,HR	: 	108732 
TOTAL,EDUC,N_GE1,NR,LU	: 	5191 
TOTAL,EDUC,N_GE1,NR,LV	19816 	: 
TOTAL,EDUC,N_GE1,NR,NL	162823 	173199 
TOTAL,EDUC,N_GE1,NR,SI	17806 	26144 e
TOTAL,EMP,N_GE1,NR,EA	: u	: u
TOTAL,EMP,N_GE1,NR,ES	4176176 	5898436 
TOTAL,EMP,N_GE1,NR,EU27	: u	: u
TOTAL,EMP,N_GE1,NR,EU28	: u	: u
TOTAL,EMP,N_GE1,NR,FI	107835 u	94224 
TOTAL,EMP,N_GE1,NR,HR	: 	517893 
TOTAL,EMP,N_GE1,NR,LU	: 	30587 
TOTAL,EMP,N_GE1,NR,LV	262616 	: 
TOTAL,EMP,N_GE1,NR,NL	757738 	753453 
TOTAL,EMP,N_GE1,NR,SI	156467 	208651 e
TOTAL,INAC_OTH,N_GE1,NR,EA	: u	: u
TOTAL,INAC_OTH,N_GE1,NR,ES	6234980 	6642339 
TOTAL,INAC_OTH,N_GE1,NR,EU27	: u	: u
TOTAL,INAC_OTH,N_GE1,NR,EU28	: u	: u
TOTAL,INAC_OTH,N_GE1,NR,FI	237892 	251503 
TOTAL,INAC_OTH,N_GE1,NR,HR	: 	927573 
TOTAL,INAC_OTH,N_GE1,NR,LU	: 	33605 
TOTAL,INAC_OTH,N_GE1,NR,LV	336869 	: 
TOTAL,INAC_OTH,N_GE1,NR,NL	821150 	854527 
TOTAL,INAC_OTH,N_GE1,NR,SI	366973 	359911 e
TOTAL,UNE,N_GE1,NR,EA	: u	: u
TOTAL,UNE,N_GE1,NR,ES	2227996 	3682407 
TOTAL,UNE,N_GE1,NR,EU27	: u	: u
TOTAL,UNE,N_GE1,NR,EU28	: u	: u
TOTAL,UNE,N_GE1,NR,FI	: c	56171 
TOTAL,UNE,N_GE1,NR,HR	: 	367740 
TOTAL,UNE,N_GE1,NR,LU	: 	9325 
TOTAL,UNE,N_GE1,NR,LV	50769 	: 
TOTAL,UNE,N_GE1,NR,NL	308325 	365497 
TOTAL,UNE,N_GE1,NR,SI	45900 	83737 e
