unit,purpose,partner,geo\time	2017 	2016 	2015 	2014 
NR,PERS,AD,ES	: c	: c	886034 u	191213 
NR,PERS,AD,FR	: 	50179 	: 	: 
NR,PERS,AT,BG	: 	: 	0 	0 
NR,PERS,AT,ES	: 	: 	668 u	: 
NR,PERS,AT,FR	: 	43539 	: 	: 
NR,PERS,AT,HU	3270736 	: 	5821080 	2966139 
NR,PERS,AT,PT	: 	: 	: 	0 
NR,PERS,AT,SI	: 	1556308 	1087858 	576010 e
NR,PERS,BE,BG	: 	: 	0 	0 
NR,PERS,BE,ES	: c	: 	: 	: 
NR,PERS,BE,FR	: 	505475 	: 	: 
NR,PERS,BE,PT	: 	: 	: 	0 
NR,PERS,BG,BG	: 	: 	0 	0 
NR,PERS,BG,PT	: 	: 	: 	0 
NR,PERS,CH,BG	: 	: 	0 	0 
NR,PERS,CH,FR	: 	321966 	: 	: 
NR,PERS,CH,PT	: 	: 	: 	0 
NR,PERS,CY,BG	: 	: 	0 	0 
NR,PERS,CY,PT	: 	: 	: 	0 
NR,PERS,CZ,BG	: 	: 	0 	0 
NR,PERS,CZ,HU	: c	: 	: c	2542 
NR,PERS,CZ,PT	: 	: 	: 	0 
NR,PERS,DE,BG	: 	: 	0 	0 
NR,PERS,DE,ES	: 	: c	24212 u	: 
NR,PERS,DE,FR	: 	488184 	: 	: 
NR,PERS,DE,HU	: 	: 	: 	456 
NR,PERS,DE,PT	: 	: 	: 	0 
NR,PERS,DK,BG	: 	: 	0 	0 
NR,PERS,DK,FI	: 	8136 u	10432 u	: 
NR,PERS,DK,PT	: 	: 	: 	0 
NR,PERS,DOM,BE	: 	: 	6955780 	: 
NR,PERS,DOM,EE	: 	1178898 	5627192 	: 
NR,PERS,DOM,EL	: 	: 	12960854 	: 
NR,PERS,DOM,ES	: 	: 	212038373 b	: 
NR,PERS,DOM,HR	: 	: 	6969269 	: 
NR,PERS,DOM,IE	72059 	: 	: 	: 
NR,PERS,DOM,LV	: 	: 	7223093 	: 
NR,PERS,DOM,NL	: 	: 	1646285299 	: 
NR,PERS,DOM,SI	: 	: 	7651097 	: 
NR,PERS,DOM,SK	: 	: 	25841896 	: 
NR,PERS,EE,BG	: 	: 	0 	0 
NR,PERS,EE,FI	531607 	1011824 	1183324 	508673 
NR,PERS,EE,LV	152352 u	428224 u	268924 	: 
NR,PERS,EE,PT	: 	: 	: 	0 
NR,PERS,EL,BG	: c	96308 u	286908 u	137078 
NR,PERS,EL,PT	: 	: 	: 	0 
NR,PERS,ES,BG	: 	: 	0 	0 
NR,PERS,ES,FR	: 	358226 	: 	: 
NR,PERS,ES,LV	: c	: 	: 	: 
NR,PERS,ES,PT	541473 u	1077166 	: 	725934 
NR,PERS,FI,BG	: 	: 	0 	0 
NR,PERS,FI,PT	: 	: 	: 	0 
NR,PERS,FR,BG	: 	: 	0 	0 
NR,PERS,FR,ES	790638 u	1423788 u	1594476 b	370638 
NR,PERS,FR,PT	: 	: 	: 	0 
NR,PERS,GA,ES	: 	: 	1658 u	: 
NR,PERS,GI,ES	: c	: c	103646 u	15428 
NR,PERS,HR,BG	: 	: 	0 	0 
NR,PERS,HR,HU	271240 	: 	466608 	201322 
NR,PERS,HR,PT	: 	: 	: 	0 
NR,PERS,HR,SI	: 	1243908 	1047486 	433127 e
NR,PERS,HU,BG	: 	: 	0 	0 
NR,PERS,HU,PT	: 	: 	: 	0 
NR,PERS,IE,BG	: 	: 	0 	0 
NR,PERS,IE,PT	: 	: 	: 	0 
NR,PERS,IS,BG	: 	: 	0 	0 
NR,PERS,IS,HU	: 	: 	: 	161 
NR,PERS,IS,PT	: 	: 	: 	0 
NR,PERS,IT,BG	: 	: 	0 	0 
NR,PERS,IT,FI	: 	: 	7940 u	: 
NR,PERS,IT,FR	: 	205918 	: 	: 
NR,PERS,IT,PT	: 	: 	: 	0 
NR,PERS,IT,SI	: 	1396454 	985450 	613261 e
NR,PERS,LI,BG	: 	: 	0 	0 
NR,PERS,LI,PT	: 	: 	: 	0 
NR,PERS,LT,BG	: 	: 	0 	0 
NR,PERS,LT,LV	543604 	728862 u	413950 	: 
NR,PERS,LT,PT	: 	: 	: 	0 
NR,PERS,LU,BG	: 	: 	0 	0 
NR,PERS,LU,FR	: 	280206 	: 	: 
NR,PERS,LU,PT	: 	: 	: 	0 
NR,PERS,LV,BG	: 	: 	0 	0 
NR,PERS,LV,FI	: 	6564 u	: 	: 
NR,PERS,LV,PT	: 	: 	: 	0 
NR,PERS,MA,ES	184782 	359970 u	573432 b	486900 
NR,PERS,MC,FR	: 	29836 	: 	: 
NR,PERS,ME,BG	: 	: 	0 	0 
NR,PERS,ME,PT	: 	: 	: 	0 
NR,PERS,MK,BG	: c	13004 u	5332 u	924 
NR,PERS,MK,PT	: 	: 	: 	0 
NR,PERS,MT,BG	: 	: 	0 	0 
NR,PERS,MT,PT	: 	: 	: 	0 
NR,PERS,NL,BG	: 	: 	0 	0 
NR,PERS,NL,FR	: 	21410 	: 	: 
NR,PERS,NL,PT	: 	: 	: 	0 
NR,PERS,NO,BG	: 	: 	0 	0 
NR,PERS,NO,FI	30071 u	21392 u	34538 u	16751 u
NR,PERS,NO,PT	: 	: 	: 	0 
NR,PERS,OUT,AL	759648 	: 	: 	: 
NR,PERS,OUT,AT	2165926 	4411320 	3961210 	2136306 
NR,PERS,OUT,BE	3568821 b	6018766 	14945010 	: 
NR,PERS,OUT,BG	: c	: c	357144 u	169456 
NR,PERS,OUT,CH	: 	: 	18150552 u	7244393 u
NR,PERS,OUT,CY	: c	: c	: c	28 e
NR,PERS,OUT,CZ	1757242 	1948173 	3743158 	2246731 
NR,PERS,OUT,DE	97976000 	195734000 	187912000 	94794000 
NR,PERS,OUT,DK	: 	11073189 e	24140400 e	10778983 e
NR,PERS,OUT,EE	1524448 	2357796 	1590056 	803096 
NR,PERS,OUT,EL	216994 	215574 u	491044 	228669 
NR,PERS,OUT,ES	3107149 	5589360 	6076046 b	1574306 
NR,PERS,OUT,FI	898998 	1879662 	1752858 	865114 
NR,PERS,OUT,FR	: 	2508327 	: 	2943360 
NR,PERS,OUT,HR	: 	: 	2898474 	1650627 
NR,PERS,OUT,HU	8158780 	: 	15372584 	7443967 
NR,PERS,OUT,IE	72059 	117772 	120464 	75929 
NR,PERS,OUT,IT	1543683 u	1669408 u	: c	967338 
NR,PERS,OUT,LT	: 	3827680 	3716018 	2318571 
NR,PERS,OUT,LU	: 	1489442 	2090282 	1428286 
NR,PERS,OUT,LV	734365 	1284542 	796534 	407926 
NR,PERS,OUT,ME	: 	: c	: 	: 
NR,PERS,OUT,MT	47330 	44818 	: 	67376 
NR,PERS,OUT,NL	21402874 	66599550 	41577022 	35767035 
NR,PERS,OUT,PL	: 	: 	64937940 	24637117 
NR,PERS,OUT,PT	541473 u	1077166 	: 	725934 
NR,PERS,OUT,RO	33961835 	: 	71371624 	33568435 
NR,PERS,OUT,SE	1463178 u	: 	: 	: 
NR,PERS,OUT,SI	2007652 	4382980 	3297088 	1687032 e
NR,PERS,OUT,SK	2144972 	4955516 	3647362 	1834945 
NR,PERS,OUT,UK	1680552 e	1692590 	1955850 	1108920 
NR,PERS,PL,BG	: 	: 	0 	0 
NR,PERS,PL,HU	: 	: 	1084 	: 
NR,PERS,PL,LV	: c	: c	20016 	: 
NR,PERS,PL,PT	: 	: 	: 	0 
NR,PERS,PT,BG	: 	: 	0 	0 
NR,PERS,PT,ES	1716003 	3140392 	2584454 b	508428 
NR,PERS,PT,PT	: 	: 	: 	0 
NR,PERS,RO,BG	: c	: c	24540 u	6841 
NR,PERS,RO,HU	717844 	: 	1092154 	507856 
NR,PERS,RO,PT	: 	: 	: 	0 
NR,PERS,RS,BG	: c	: c	5998 u	3705 
NR,PERS,RS,HU	605630 	: 	670540 	370838 
NR,PERS,RS,PT	: 	: 	: 	0 
NR,PERS,RU,FI	121649 u	377256 u	231382 u	151036 u
NR,PERS,SE,BG	: 	: 	0 	0 
NR,PERS,SE,FI	215671 	454490 	285242 u	188654 u
NR,PERS,SE,LV	: c	: 	2466 	: 
NR,PERS,SE,PT	: 	: 	: 	0 
NR,PERS,SI,BG	: 	: 	0 	0 
NR,PERS,SI,HU	261037 	: 	368496 	126061 
NR,PERS,SI,PT	: 	: 	: 	0 
NR,PERS,SK,BG	: 	: 	0 	0 
NR,PERS,SK,HU	2533847 	: 	4961830 	2531757 
NR,PERS,SK,PT	: 	: 	: 	0 
NR,PERS,TN,ES	: c	: 	: 	: 
NR,PERS,TR,BG	: c	28932 u	34366 u	19409 
NR,PERS,TR,PT	: 	: 	: 	0 
NR,PERS,UA,BG	: 	: 	0 	0 
NR,PERS,UA,HU	496090 	: 	1989412 	736835 
NR,PERS,UA,PT	: 	: 	: 	0 
NR,PERS,UK,BG	: 	: 	0 	0 
NR,PERS,UK,ES	: c	: c	307462 u	1701 
NR,PERS,UK,FR	: 	107640 	: 	: 
NR,PERS,UK,LV	: 	: 	1640 	: 
NR,PERS,UK,PT	: 	: 	: 	0 
NR,PERS,WORLD,AT	: 	4411320 	3961210 	: 
NR,PERS,WORLD,BE	: b	6018766 	: 	: 
NR,PERS,WORLD,BG	: 	156994 	357144 	: 
NR,PERS,WORLD,CH	: 	: 	18150552 	: 
NR,PERS,WORLD,CY	: 	212 	328 	: 
NR,PERS,WORLD,CZ	: 	: 	3743158 	: 
NR,PERS,WORLD,DE	: 	195734000 	187912000 	: 
NR,PERS,WORLD,DK	: 	: 	24140400 	: 
NR,PERS,WORLD,EL	: 	215574 	13451898 	: 
NR,PERS,WORLD,ES	: 	5589360 	: b	: 
NR,PERS,WORLD,FI	: 	1879662 	1752858 	: 
NR,PERS,WORLD,HU	: 	: 	15372584 	: 
NR,PERS,WORLD,IE	144118 	117772 	120464 	: 
NR,PERS,WORLD,IT	: 	1669408 	2386922 	: 
NR,PERS,WORLD,LT	: 	3827680 	3716018 	: 
NR,PERS,WORLD,LU	: 	1489442 	2090282 	: 
NR,PERS,WORLD,LV	: 	1284542 	: 	: 
NR,PERS,WORLD,ME	: 	1021122 	: 	: 
NR,PERS,WORLD,MT	: 	: 	: 	67376 
NR,PERS,WORLD,NL	: 	66599550 	: 	: 
NR,PERS,WORLD,PL	: 	: 	64937940 	: 
NR,PERS,WORLD,PT	: 	1077166 	: 	: 
NR,PERS,WORLD,RO	: 	: 	71371624 	: 
NR,PERS,WORLD,SI	: 	4382980 	: 	: 
NR,PERS,WORLD,SK	: 	4955516 	: 	: 
NR,PERS,WORLD,UK	: 	1692590 	1955850 	: 
NR,PROF,AD,ES	: c	: c	: 	: 
NR,PROF,AL,FR	: 	48664 	: 	: 
NR,PROF,AT,BG	: 	: 	0 	0 
NR,PROF,AT,HU	80755 u	: 	174576 u	63013 
NR,PROF,AT,PT	: 	: 	: 	0 
NR,PROF,AT,SI	: 	269936 u	323918 u	150064 u
NR,PROF,BE,BG	: 	: 	0 	0 
NR,PROF,BE,ES	: c	: c	12886 u	13027 
NR,PROF,BE,FI	9055 u	9510 u	: 	: 
NR,PROF,BE,FR	: 	249532 	: 	: 
NR,PROF,BE,LV	: c	: c	6962 	: 
NR,PROF,BE,PT	: 	: 	: 	0 
NR,PROF,BG,BG	: 	: 	0 	0 
NR,PROF,BG,HU	: 	: 	: 	552 
NR,PROF,BG,PT	: 	: 	: 	0 
NR,PROF,BR,ES	: 	: 	8204 u	: 
NR,PROF,CH,BG	: 	: 	0 	0 
NR,PROF,CH,FR	: 	75921 	: 	: 
NR,PROF,CH,PT	: 	: 	: 	0 
NR,PROF,CY,BG	: 	: 	0 	0 
NR,PROF,CY,PT	: 	: 	: 	0 
NR,PROF,CZ,BG	: 	: 	0 	0 
NR,PROF,CZ,HU	: 	: 	: c	291 
NR,PROF,CZ,PT	: 	: 	: 	0 
NR,PROF,DE,BG	: 	: 	0 	0 
NR,PROF,DE,ES	: c	: c	21462 u	: 
NR,PROF,DE,FI	: 	15020 u	51258 u	3080 u
NR,PROF,DE,FR	: 	92095 	: 	: 
NR,PROF,DE,PT	: 	: 	: 	0 
NR,PROF,DK,BG	: 	: 	0 	0 
NR,PROF,DK,FI	19798 u	7916 u	45936 u	14887 u
NR,PROF,DK,LV	: 	: c	: 	: 
NR,PROF,DK,PT	: 	: 	: 	0 
NR,PROF,DOM,BE	: 	: 	764671 	: 
NR,PROF,DOM,EE	: 	242670 	1927326 	: 
NR,PROF,DOM,EL	: 	: 	1217119 	: 
NR,PROF,DOM,ES	: 	: 	9637768 b	: 
NR,PROF,DOM,HR	: 	: 	1185534 	: 
NR,PROF,DOM,IE	118703 	: 	: 	: 
NR,PROF,DOM,LV	: 	: 	495295 	: 
NR,PROF,DOM,NL	: 	: 	106694669 	: 
NR,PROF,DOM,SI	: 	: 	829562 	: 
NR,PROF,DOM,SK	: 	: 	1213933 	: 
NR,PROF,EE,BG	: 	: 	0 	0 
NR,PROF,EE,FI	67722 u	103352 u	106528 u	40963 u
NR,PROF,EE,LV	: c	: c	52610 	: 
NR,PROF,EE,PT	: 	: 	: 	0 
NR,PROF,EL,BG	: 	: c	: c	0 
NR,PROF,EL,PT	: 	: 	: 	0 
NR,PROF,ES,BG	: 	: 	0 	0 
NR,PROF,ES,FR	: 	39763 	: 	: 
NR,PROF,ES,PT	116033 u	106308 	: 	191974 
NR,PROF,FI,BG	: 	: 	0 	0 
NR,PROF,FI,LV	: c	: 	: 	: 
NR,PROF,FI,PT	: 	: 	: 	0 
NR,PROF,FR,BG	: 	: 	0 	0 
NR,PROF,FR,ES	: c	: c	51876 u	33237 
NR,PROF,FR,PT	: 	: 	: 	0 
NR,PROF,GI,ES	: 	: 	29860 u	: 
NR,PROF,HR,BG	: 	: 	0 	0 
NR,PROF,HR,HU	: c	: 	: c	16119 
NR,PROF,HR,PT	: 	: 	: 	0 
NR,PROF,HR,SI	: 	209984 u	179692 u	58446 u
NR,PROF,HU,BG	: 	: 	0 	0 
NR,PROF,HU,PT	: 	: 	: 	0 
NR,PROF,IE,BG	: 	: 	0 	0 
NR,PROF,IE,PT	: 	: 	: 	0 
NR,PROF,IS,BG	: 	: 	0 	0 
NR,PROF,IS,PT	: 	: 	: 	0 
NR,PROF,IT,BG	: 	: 	0 	0 
NR,PROF,IT,ES	: c	: 	: 	: 
NR,PROF,IT,FR	: 	69920 	: 	: 
NR,PROF,IT,PT	: 	: 	: 	0 
NR,PROF,IT,SI	: 	147060 u	189698 u	76853 u
NR,PROF,LI,BG	: 	: 	0 	0 
NR,PROF,LI,PT	: 	: 	: 	0 
NR,PROF,LT,BG	: 	: 	0 	0 
NR,PROF,LT,FI	7871 u	7092 u	16982 u	: 
NR,PROF,LT,LV	: c	: c	92662 	: 
NR,PROF,LT,PT	: 	: 	: 	0 
NR,PROF,LU,BG	: 	: 	0 	0 
NR,PROF,LU,FR	: 	72247 	: 	: 
NR,PROF,LU,PT	: 	: 	: 	0 
NR,PROF,LV,BG	: 	: 	0 	0 
NR,PROF,LV,FI	14479 u	21396 u	15164 u	: 
NR,PROF,LV,PT	: 	: 	: 	0 
NR,PROF,MA,ES	: c	: c	8842 u	43784 
NR,PROF,MA,FR	: 	13203 	: 	: 
NR,PROF,MC,FR	: 	26803 	: 	: 
NR,PROF,MD,FR	: 	23033 	: 	: 
NR,PROF,ME,BG	: 	: 	0 	0 
NR,PROF,ME,PT	: 	: 	: 	0 
NR,PROF,MK,BG	: c	: 	0 	0 
NR,PROF,MK,PT	: 	: 	: 	0 
NR,PROF,MT,BG	: 	: 	0 	0 
NR,PROF,MT,PT	: 	: 	: 	0 
NR,PROF,NL,BG	: 	: 	0 	0 
NR,PROF,NL,ES	: 	: c	: 	: 
NR,PROF,NL,FI	: 	: 	5146 u	: 
NR,PROF,NL,FR	: 	3631 	: 	: 
NR,PROF,NL,PT	: 	: 	: 	0 
NR,PROF,NO,BG	: 	: 	0 	0 
NR,PROF,NO,ES	: 	: 	6872 u	: 
NR,PROF,NO,FI	17469 u	30844 u	14554 u	: 
NR,PROF,NO,PT	: 	: 	: 	0 
NR,PROF,OUT,AL	66639 u	: 	: 	: 
NR,PROF,OUT,AT	411109 u	1011928 	786594 	413074 
NR,PROF,OUT,BE	467350 u	729692 u	1487296 u	: 
NR,PROF,OUT,BG	: c	: c	: c	6163 
NR,PROF,OUT,CH	: 	: 	730434 u	267578 u
NR,PROF,OUT,CY	: c	: c	: c	138 e
NR,PROF,OUT,CZ	152646 u	202498 u	: c	: u
NR,PROF,OUT,DE	3898000 	8248000 	7046000 	5436000 
NR,PROF,OUT,DK	: 	4242417 e	7909164 e	3947800 e
NR,PROF,OUT,EE	294892 	485340 	551140 	378032 
NR,PROF,OUT,EL	: c	: c	21048 	909 
NR,PROF,OUT,ES	: c	: c	359748 u	131157 
NR,PROF,OUT,FI	217935 	350968 u	458018 u	155695 u
NR,PROF,OUT,FR	: 	800970 	: 	1079236 
NR,PROF,OUT,HR	: 	: 	656952 	223806 
NR,PROF,OUT,HU	182048 	: 	379716 	230227 
NR,PROF,OUT,IE	118703 	201802 	207198 	95408 
NR,PROF,OUT,IT	: c	: c	0 	0 
NR,PROF,OUT,LT	: 	553318 	526360 	184448 
NR,PROF,OUT,LU	: 	257654 u	427284 u	299420 
NR,PROF,OUT,LV	: c	: c	158526 	76409 
NR,PROF,OUT,ME	: 	: c	: 	: 
NR,PROF,OUT,MT	9043 	7832 u	: 	10946 
NR,PROF,OUT,NL	7843388 	9547762 	6212862 	5144709 
NR,PROF,OUT,PL	: 	: 	1282504 	473371 
NR,PROF,OUT,PT	116033 u	106308 	: 	191974 
NR,PROF,OUT,RO	938992 	: 	2093584 	961100 
NR,PROF,OUT,SE	319678 u	: 	: 	: 
NR,PROF,OUT,SI	389757 u	727288 u	787464 u	342493 e
NR,PROF,OUT,SK	178125 	733092 	287698 	142776 
NR,PROF,OUT,UK	1722207 e	1186160 	1153798 	609350 
NR,PROF,PL,BG	: 	: 	0 	0 
NR,PROF,PL,FI	: 	: 	8582 u	3621 u
NR,PROF,PL,LV	: c	: c	6292 	: 
NR,PROF,PL,PT	: 	: 	: 	0 
NR,PROF,PT,BG	: 	: 	0 	0 
NR,PROF,PT,ES	: c	: c	159614 u	41109 
NR,PROF,PT,PT	: 	: 	: 	0 
NR,PROF,RO,BG	: c	: c	0 	6163 
NR,PROF,RO,HU	: c	: 	: c	21311 
NR,PROF,RO,PT	: 	: 	: 	0 
NR,PROF,RS,BG	: c	: c	0 	1498 
NR,PROF,RS,HU	: c	: 	: c	34685 
NR,PROF,RS,PT	: 	: 	: 	0 
NR,PROF,RU,FI	10226 u	41250 u	: 	8784 u
NR,PROF,SE,BG	: 	: 	0 	0 
NR,PROF,SE,FI	71315 u	114588 u	187242 u	81052 u
NR,PROF,SE,FR	: 	4384 	: 	: 
NR,PROF,SE,LV	: c	: 	: 	: 
NR,PROF,SE,PT	: 	: 	: 	0 
NR,PROF,SI,BG	: 	: 	0 	0 
NR,PROF,SI,HU	: c	: 	: c	7406 
NR,PROF,SI,PT	: 	: 	: 	0 
NR,PROF,SK,BG	: 	: 	0 	0 
NR,PROF,SK,HU	: c	: 	: c	86308 
NR,PROF,SK,PT	: 	: 	: 	0 
NR,PROF,TR,BG	: 	0 	: c	0 
NR,PROF,TR,FR	: 	35088 	: 	: 
NR,PROF,TR,PT	: 	: 	: 	0 
NR,PROF,UA,BG	: 	: 	0 	0 
NR,PROF,UA,HU	: 	: 	: 	542 
NR,PROF,UA,PT	: 	: 	: 	0 
NR,PROF,UK,BG	: 	: 	0 	0 
NR,PROF,UK,ES	: c	: c	60130 u	: 
NR,PROF,UK,FI	: 	: 	6626 u	3308 u
NR,PROF,UK,FR	: 	46690 	: 	: 
NR,PROF,UK,LV	: c	: 	: 	: 
NR,PROF,UK,PT	: 	: 	: 	0 
NR,PROF,WORLD,AT	: 	1011928 	786594 	: 
NR,PROF,WORLD,BE	: b	729692 	: 	: 
NR,PROF,WORLD,BG	: 	16248 	13884 	: 
NR,PROF,WORLD,CH	: 	: 	730434 	: 
NR,PROF,WORLD,CY	: 	628 	856 	: 
NR,PROF,WORLD,CZ	: 	: 	226034 	: 
NR,PROF,WORLD,DE	: 	8248000 	7046000 	: 
NR,PROF,WORLD,DK	: 	: 	7909164 	: 
NR,PROF,WORLD,EL	: 	11064 	1238167 	: 
NR,PROF,WORLD,ES	: 	154842 	: b	: 
NR,PROF,WORLD,FI	: 	350968 	458018 	: 
NR,PROF,WORLD,HU	: 	: 	379716 	: 
NR,PROF,WORLD,IE	237406 	201802 	207198 	: 
NR,PROF,WORLD,IT	: 	15574 	0 	: 
NR,PROF,WORLD,LT	: 	553318 	526360 	: 
NR,PROF,WORLD,LU	: 	257654 	427284 	: 
NR,PROF,WORLD,LV	: 	92824 	: 	: 
NR,PROF,WORLD,ME	: 	151478 	: 	: 
NR,PROF,WORLD,MT	: 	: 	: 	10946 
NR,PROF,WORLD,NL	: 	9547762 	: 	: 
NR,PROF,WORLD,PL	: 	: 	1282504 	: 
NR,PROF,WORLD,PT	: 	106308 	: 	: 
NR,PROF,WORLD,RO	: 	: 	2093584 	: 
NR,PROF,WORLD,SI	: 	727288 	: 	: 
NR,PROF,WORLD,SK	: 	733092 	: 	: 
NR,PROF,WORLD,UK	: 	1186160 	1153798 	: 
NR,TOTAL,AD,ES	: 	: 	886034 b	: 
NR,TOTAL,AT,BG	: 	: 	0 	0 
NR,TOTAL,AT,ES	: 	: 	: b	: 
NR,TOTAL,AT,HU	3351491 	: 	5995656 	3029152 
NR,TOTAL,AT,PT	: 	: 	: 	0 
NR,TOTAL,AT,SI	: 	1826244 	1411776 	726074 
NR,TOTAL,BE,BG	: 	: 	0 	0 
NR,TOTAL,BE,ES	: 	: 	: b	: 
NR,TOTAL,BE,FR	: 	755007 	: 	: 
NR,TOTAL,BE,PT	: 	: 	: 	0 
NR,TOTAL,BG,BG	: 	: 	0 	0 
NR,TOTAL,BG,PT	: 	: 	: 	0 
NR,TOTAL,BR,ES	: 	: 	: b	: 
NR,TOTAL,CH,BG	: 	: 	0 	0 
NR,TOTAL,CH,FR	: 	397887 	: 	: 
NR,TOTAL,CH,PT	: 	: 	: 	0 
NR,TOTAL,CY,BG	: 	: 	0 	0 
NR,TOTAL,CY,PT	: 	: 	: 	0 
NR,TOTAL,CZ,BG	: 	: 	0 	0 
NR,TOTAL,CZ,PT	: 	: 	: 	0 
NR,TOTAL,DE,BG	: 	: 	0 	0 
NR,TOTAL,DE,ES	: 	: 	: b	: 
NR,TOTAL,DE,FI	: 	: 	51258 	: 
NR,TOTAL,DE,FR	: 	580279 	: 	: 
NR,TOTAL,DE,PT	: 	: 	: 	0 
NR,TOTAL,DK,BG	: 	: 	0 	0 
NR,TOTAL,DK,FI	: 	: 	56368 	: 
NR,TOTAL,DK,PT	: 	: 	: 	0 
NR,TOTAL,DOM,EE	: 	1421568 	7554518 	: 
NR,TOTAL,DOM,EL	: 	: 	14177973 	: 
NR,TOTAL,DOM,ES	: 	: 	221676141 b	: 
NR,TOTAL,DOM,HR	: 	: 	8154803 	: 
NR,TOTAL,DOM,IE	190762 	: 	: 	: 
NR,TOTAL,DOM,LV	: 	: 	7718388 	: 
NR,TOTAL,DOM,NL	: 	: 	1752979968 	: 
NR,TOTAL,DOM,SI	: 	: 	8480659 	: 
NR,TOTAL,DOM,SK	: 	: 	27055829 	: 
NR,TOTAL,EE,BG	: 	: 	0 	0 
NR,TOTAL,EE,FI	599329 	1115176 	1289852 	: 
NR,TOTAL,EE,LV	159569 	: 	321534 	: 
NR,TOTAL,EE,PT	: 	: 	: 	0 
NR,TOTAL,EL,BG	: 	: 	288654 	137078 
NR,TOTAL,EL,PT	: 	: 	: 	0 
NR,TOTAL,ES,BG	: 	: 	0 	0 
NR,TOTAL,ES,PT	657506 	1183474 	: 	917908 
NR,TOTAL,FI,BG	: 	: 	0 	0 
NR,TOTAL,FI,PT	: 	: 	: 	0 
NR,TOTAL,FR,BG	: 	: 	0 	0 
NR,TOTAL,FR,ES	: 	: 	: b	403875 
NR,TOTAL,FR,PT	: 	: 	: 	0 
NR,TOTAL,GA,ES	: 	: 	: b	: 
NR,TOTAL,GI,ES	: 	: 	133506 b	: 
NR,TOTAL,HR,BG	: 	: 	0 	0 
NR,TOTAL,HR,HU	301845 	: 	502262 	217441 
NR,TOTAL,HR,PT	: 	: 	: 	0 
NR,TOTAL,HR,SI	: 	1453892 	1227178 	491573 
NR,TOTAL,HU,BG	: 	: 	0 	0 
NR,TOTAL,HU,PT	: 	: 	: 	0 
NR,TOTAL,IE,BG	: 	: 	0 	0 
NR,TOTAL,IE,PT	: 	: 	: 	0 
NR,TOTAL,IS,BG	: 	: 	0 	0 
NR,TOTAL,IS,PT	: 	: 	: 	0 
NR,TOTAL,IT,BG	: 	: 	0 	0 
NR,TOTAL,IT,PT	: 	: 	: 	0 
NR,TOTAL,IT,SI	: 	1543514 	1175148 	690114 
NR,TOTAL,LI,BG	: 	: 	0 	0 
NR,TOTAL,LI,PT	: 	: 	: 	0 
NR,TOTAL,LT,BG	: 	: 	0 	0 
NR,TOTAL,LT,LV	: 	797528 	506612 	: 
NR,TOTAL,LT,PT	: 	: 	: 	0 
NR,TOTAL,LU,BG	: 	: 	0 	0 
NR,TOTAL,LU,PT	: 	: 	: 	0 
NR,TOTAL,LV,BG	: 	: 	0 	0 
NR,TOTAL,LV,PT	: 	: 	: 	0 
NR,TOTAL,MA,ES	: 	: 	: b	: 
NR,TOTAL,ME,BG	: 	: 	0 	0 
NR,TOTAL,ME,PT	: 	: 	: 	0 
NR,TOTAL,MK,BG	: 	: 	5332 	924 
NR,TOTAL,MK,PT	: 	: 	: 	0 
NR,TOTAL,MT,BG	: 	: 	0 	0 
NR,TOTAL,MT,PT	: 	: 	: 	0 
NR,TOTAL,NL,BG	: 	: 	0 	0 
NR,TOTAL,NL,PT	: 	: 	: 	0 
NR,TOTAL,NO,BG	: 	: 	0 	0 
NR,TOTAL,NO,ES	: 	: 	: b	: 
NR,TOTAL,NO,PT	: 	: 	: 	0 
NR,TOTAL,OUT,AL	826287 	: 	: 	: 
NR,TOTAL,OUT,AT	2577035 	5423248 	4747804 	2549380 
NR,TOTAL,OUT,BE	4036171 b	6748458 	16432306 u	: 
NR,TOTAL,OUT,BG	207727 	173242 	371028 	175619 
NR,TOTAL,OUT,CH	: 	: 	18880986 	7511971 
NR,TOTAL,OUT,CY	: 	840 	1184 	166 
NR,TOTAL,OUT,CZ	1909888 	2150671 	3969192 	2352031 
NR,TOTAL,OUT,DE	101874000 	203982000 	194958000 	100230000 
NR,TOTAL,OUT,DK	: 	15315606 	32049564 	14726783 
NR,TOTAL,OUT,EE	1819340 	2843136 	2141196 	1181128 
NR,TOTAL,OUT,EL	228330 	226638 	512092 	229578 
NR,TOTAL,OUT,ES	3242630 	5744202 	6435794 b	1705463 
NR,TOTAL,OUT,FI	1116933 	2230630 	2210876 	1020809 
NR,TOTAL,OUT,FR	: 	3309297 	: 	4022596 
NR,TOTAL,OUT,HR	: 	: 	3555426 	1874433 
NR,TOTAL,OUT,HU	8340828 	: 	15752300 	7674194 
NR,TOTAL,OUT,IE	190762 	319574 	327662 	171337 
NR,TOTAL,OUT,IT	1593215 	1684982 	2386922 	967338 
NR,TOTAL,OUT,LT	: 	4380998 	4242378 	2503019 
NR,TOTAL,OUT,LU	: 	1747096 	2517566 	1727706 
NR,TOTAL,OUT,LV	790188 	1377366 	955060 	484335 
NR,TOTAL,OUT,ME	: 	1172600 	: 	: 
NR,TOTAL,OUT,MT	56373 	52650 	: 	78322 
NR,TOTAL,OUT,NL	29246262 	76147312 	47789884 	40911744 
NR,TOTAL,OUT,PL	: 	: 	66220444 	25110488 
NR,TOTAL,OUT,PT	657506 	1183474 	: 	917908 
NR,TOTAL,OUT,RO	34900827 	: 	73465208 	34529535 
NR,TOTAL,OUT,SE	1782856 	: 	: 	: 
NR,TOTAL,OUT,SI	2397409 	5110268 	4084552 	2029525 
NR,TOTAL,OUT,SK	2323097 	5688608 	3935060 	1977721 
NR,TOTAL,OUT,UK	3402759 	2878750 	3109648 	1718270 
NR,TOTAL,PL,BG	: 	: 	0 	0 
NR,TOTAL,PL,LV	: 	: 	26308 	: 
NR,TOTAL,PL,PT	: 	: 	: 	0 
NR,TOTAL,PT,BG	: 	: 	0 	0 
NR,TOTAL,PT,ES	1788745 	: 	: b	549537 
NR,TOTAL,PT,PT	: 	: 	: 	0 
NR,TOTAL,RO,BG	: 	: 	24540 	13004 
NR,TOTAL,RO,HU	739307 	: 	1133170 	529167 
NR,TOTAL,RO,PT	: 	: 	: 	0 
NR,TOTAL,RS,BG	: 	: 	5998 	5203 
NR,TOTAL,RS,HU	: 	: 	684842 	405523 
NR,TOTAL,RS,PT	: 	: 	: 	0 
NR,TOTAL,RU,FI	: 	: 	231382 	: 
NR,TOTAL,SE,BG	: 	: 	0 	0 
NR,TOTAL,SE,FI	286986 	569078 	472484 	269706 
NR,TOTAL,SE,PT	: 	: 	: 	0 
NR,TOTAL,SI,BG	: 	: 	0 	0 
NR,TOTAL,SI,HU	271654 	: 	379642 	133467 
NR,TOTAL,SI,PT	: 	: 	: 	0 
NR,TOTAL,SK,BG	: 	: 	0 	0 
NR,TOTAL,SK,HU	2570105 	: 	5063216 	2618065 
NR,TOTAL,SK,PT	: 	: 	: 	0 
NR,TOTAL,TR,BG	: 	: 	46504 	19409 
NR,TOTAL,TR,PT	: 	: 	: 	0 
NR,TOTAL,UA,BG	: 	: 	0 	0 
NR,TOTAL,UA,HU	: 	: 	1989412 	: 
NR,TOTAL,UA,PT	: 	: 	: 	0 
NR,TOTAL,UK,BG	: 	: 	0 	0 
NR,TOTAL,UK,ES	: 	: 	: b	: 
NR,TOTAL,UK,FR	: 	154330 	: 	: 
NR,TOTAL,UK,PT	: 	: 	: 	0 
NR,TOTAL,WORLD,AT	: 	5423248 	4747804 	: 
NR,TOTAL,WORLD,BE	: b	6748458 	: 	: 
NR,TOTAL,WORLD,BG	: 	173242 	371028 	: 
NR,TOTAL,WORLD,CH	: 	: 	18880986 	: 
NR,TOTAL,WORLD,CY	: 	840 	1184 	: 
NR,TOTAL,WORLD,CZ	: 	: 	3969192 	: 
NR,TOTAL,WORLD,DE	: 	203982000 	194958000 	: 
NR,TOTAL,WORLD,DK	: 	: 	32049564 	: 
NR,TOTAL,WORLD,EE	: 	4264704 u	9695714 u	: 
NR,TOTAL,WORLD,EL	: 	226638 	14690065 u	: 
NR,TOTAL,WORLD,ES	: 	5744202 	228111935 bu	: 
NR,TOTAL,WORLD,FI	: 	2230630 	2210876 	: 
NR,TOTAL,WORLD,HR	: 	: 	11710229 u	: 
NR,TOTAL,WORLD,HU	: 	: 	15752300 	: 
NR,TOTAL,WORLD,IE	381524 	319574 	327662 	: 
NR,TOTAL,WORLD,IT	: 	1684982 	2386922 	: 
NR,TOTAL,WORLD,LT	: 	4380998 	4242378 	: 
NR,TOTAL,WORLD,LU	: 	1747096 	2517566 	: 
NR,TOTAL,WORLD,LV	: 	1377366 	8673448 u	: 
NR,TOTAL,WORLD,ME	: 	1172600 	: 	: 
NR,TOTAL,WORLD,MT	: 	: 	: 	78322 
NR,TOTAL,WORLD,NL	: 	76147312 	1800769852 u	: 
NR,TOTAL,WORLD,PL	: 	: 	66220444 	: 
NR,TOTAL,WORLD,PT	: 	1183474 	: 	: 
NR,TOTAL,WORLD,RO	: 	: 	73465208 	: 
NR,TOTAL,WORLD,SI	: 	5110268 	12565211 u	: 
NR,TOTAL,WORLD,SK	: 	5688608 	30990889 u	: 
NR,TOTAL,WORLD,UK	: 	2878750 	3109648 	: 
