unit,purpose,partner,geo\time	2017Q4 	2017Q3 	2017Q2 	2017Q1 	2016Q4 	2016Q3 	2016Q2 	2016Q1 	2015Q4 	2015Q3 	2015Q2 	2015Q1 	2014Q4 	2014Q3 	2014Q2 	2014Q1 
NR,PERS,AD,ES	: c	: c	: c	: c	: c	: c	: c	: c	339406 u	149530 u	227700 u	169398 u	50536 	32800 	82094 	25783 
NR,PERS,AD,FR	: 	: 	: 	: 	: 	: 	22173 	28006 	: 	: 	: 	: 	: 	: 	: 	: 
NR,PERS,AT,BG	: 	: 	: 	: 	: 	: 	: 	: 	0 	0 	0 	0 	0 	0 	0 	0 
NR,PERS,AT,ES	: 	: 	: 	: 	: 	: 	: 	: 	: 	668 u	: 	: 	: 	: 	: 	: 
NR,PERS,AT,FR	: 	: 	: 	: 	43539 	: 	: 	: 	: 	: 	: 	: 	: 	: 	: 	: 
NR,PERS,AT,HU	891843 	822117 	798474 	758302 	: 	: 	: 	: 	1529558 	1420664 	1547738 	1323120 	752984 	741145 	753509 	718501 
NR,PERS,AT,PT	: 	: 	: 	: 	: 	: 	: 	: 	: 	: 	: 	: 	0 	0 	0 	0 
NR,PERS,AT,SI	: 	: 	: 	: 	572562 	309236 	345122 	329388 	282994 	219942 	223008 	361914 	204937 e	97179 e	123560 e	150334 e
NR,PERS,BE,BG	: 	: 	: 	: 	: 	: 	: 	: 	0 	0 	0 	0 	0 	0 	0 	0 
NR,PERS,BE,ES	: c	: 	: 	: 	: 	: 	: 	: 	: 	: 	: 	: 	: 	: 	: 	: 
NR,PERS,BE,FR	: 	: 	: 	: 	156310 	203673 	73970 	71522 	: 	: 	: 	: 	: 	: 	: 	: 
NR,PERS,BE,PT	: 	: 	: 	: 	: 	: 	: 	: 	: 	: 	: 	: 	0 	0 	0 	0 
NR,PERS,BG,BG	: 	: 	: 	: 	: 	: 	: 	: 	0 	0 	0 	0 	0 	0 	0 	0 
NR,PERS,BG,PT	: 	: 	: 	: 	: 	: 	: 	: 	: 	: 	: 	: 	0 	0 	0 	0 
NR,PERS,CH,BG	: 	: 	: 	: 	: 	: 	: 	: 	0 	0 	0 	0 	0 	0 	0 	0 
NR,PERS,CH,FR	: 	: 	: 	: 	100410 	103385 	44366 	73805 	: 	: 	: 	: 	: 	: 	: 	: 
NR,PERS,CH,PT	: 	: 	: 	: 	: 	: 	: 	: 	: 	: 	: 	: 	0 	0 	0 	0 
NR,PERS,CY,BG	: 	: 	: 	: 	: 	: 	: 	: 	0 	0 	0 	0 	0 	0 	0 	0 
NR,PERS,CY,PT	: 	: 	: 	: 	: 	: 	: 	: 	: 	: 	: 	: 	0 	0 	0 	0 
NR,PERS,CZ,BG	: 	: 	: 	: 	: 	: 	: 	: 	0 	0 	0 	0 	0 	0 	0 	0 
NR,PERS,CZ,HU	: 	: c	: 	: 	: 	: 	: 	: 	: c	: 	: 	: 	394 	: 	2148 	: 
NR,PERS,CZ,PT	: 	: 	: 	: 	: 	: 	: 	: 	: 	: 	: 	: 	0 	0 	0 	0 
NR,PERS,DE,BG	: 	: 	: 	: 	: 	: 	: 	: 	0 	0 	0 	0 	0 	0 	0 	0 
NR,PERS,DE,ES	: 	: 	: 	: 	: 	: c	: 	: 	: 	: 	: 	24212 u	: 	: 	: 	: 
NR,PERS,DE,FR	: 	: 	: 	: 	160192 	181026 	71077 	75889 	: 	: 	: 	: 	: 	: 	: 	: 
NR,PERS,DE,HU	: 	: 	: 	: 	: 	: 	: 	: 	: 	: 	: 	: 	: 	: 	: 	456 
NR,PERS,DE,PT	: 	: 	: 	: 	: 	: 	: 	: 	: 	: 	: 	: 	0 	0 	0 	0 
NR,PERS,DK,BG	: 	: 	: 	: 	: 	: 	: 	: 	0 	0 	0 	0 	0 	0 	0 	0 
NR,PERS,DK,FI	: 	: 	: 	: 	8136 u	: 	: 	: 	: 	: 	: 	10432 u	: 	: 	: 	: 
NR,PERS,DK,PT	: 	: 	: 	: 	: 	: 	: 	: 	: 	: 	: 	: 	0 	0 	0 	0 
NR,PERS,DOM,BE	: 	: 	: 	: 	: 	: 	: 	: 	2369331 	: 	2639118 	1947331 	: 	: 	: 	: 
NR,PERS,DOM,EE	: 	: 	: 	: 	298315 	374119 	289138 	217326 	1134887 	1751748 	1550597 	1189960 	: 	: 	: 	: 
NR,PERS,DOM,EL	: 	: 	: 	: 	: 	: 	: 	: 	2491978 	2657678 	3001447 	4809751 	: 	: 	: 	: 
NR,PERS,DOM,ES	: 	: 	: 	: 	: 	: 	: 	: 	50783340 b	58967582 b	50210503 b	52076948 b	: 	: 	: 	: 
NR,PERS,DOM,HR	: 	: 	: 	: 	: 	: 	: 	: 	1119523 	1999914 	1792096 	2057736 	: 	: 	: 	: 
NR,PERS,DOM,IE	15327 	19747 	16666 	20319 	: 	: 	: 	: 	: 	: 	: 	: 	: 	: 	: 	: 
NR,PERS,DOM,LV	: 	: 	: 	: 	: 	: 	: 	: 	1799860 	2303634 	1897325 	1222274 	: 	: 	: 	: 
NR,PERS,DOM,NL	: 	: 	: 	: 	: 	: 	: 	: 	428500707 	422856761 	422328891 	372598940 	: 	: 	: 	: 
NR,PERS,DOM,SI	: 	: 	: 	: 	: 	: 	: 	: 	1744057 	2068746 	2037697 	1800597 	: 	: 	: 	: 
NR,PERS,DOM,SK	: 	: 	: 	: 	: 	: 	: 	: 	6239513 	7060799 	6512305 	6029279 	: 	: 	: 	: 
NR,PERS,EE,BG	: 	: 	: 	: 	: 	: 	: 	: 	0 	0 	0 	0 	0 	0 	0 	0 
NR,PERS,EE,FI	132041 	134169 	174501 	90896 	239864 	259854 	330314 	181792 	306586 	336872 	316898 	222968 	88777 	176845 	135739 	107312 
NR,PERS,EE,LV	37796 u	36073 u	45752 u	32731 u	172222 	68528 u	96646 u	90828 u	77716 	96888 	21552 	72768 	: 	: 	: 	: 
NR,PERS,EE,PT	: 	: 	: 	: 	: 	: 	: 	: 	: 	: 	: 	: 	0 	0 	0 	0 
NR,PERS,EL,BG	: c	61293 u	: c	: c	: c	73206 u	: c	: c	: c	81380 u	106196 u	74646 u	1147 	80474 	34930 	20527 
NR,PERS,EL,PT	: 	: 	: 	: 	: 	: 	: 	: 	: 	: 	: 	: 	0 	0 	0 	0 
NR,PERS,ES,BG	: 	: 	: 	: 	: 	: 	: 	: 	0 	0 	0 	0 	0 	0 	0 	0 
NR,PERS,ES,FR	: 	: 	: 	: 	97598 	82288 	102713 	75627 	: 	: 	: 	: 	: 	: 	: 	: 
NR,PERS,ES,LV	: 	: 	: c	: c	: 	: 	: 	: 	: 	: 	: 	: 	: 	: 	: 	: 
NR,PERS,ES,PT	86677 u	81768 u	231696 	141332 	299838 	364888 	39730 	372710 	: 	: 	: 	: 	68316 	73594 	322035 	261989 
NR,PERS,FI,BG	: 	: 	: 	: 	: 	: 	: 	: 	0 	0 	0 	0 	0 	0 	0 	0 
NR,PERS,FI,PT	: 	: 	: 	: 	: 	: 	: 	: 	: 	: 	: 	: 	0 	0 	0 	0 
NR,PERS,FR,BG	: 	: 	: 	: 	: 	: 	: 	: 	0 	0 	0 	0 	0 	0 	0 	0 
NR,PERS,FR,ES	162085 	296826 	170976 	160751 u	417186 	467816 	345248 	193538 u	276508 b	582688 b	427342 b	307938 b	67889 	91720 	112200 	98829 
NR,PERS,FR,PT	: 	: 	: 	: 	: 	: 	: 	: 	: 	: 	: 	: 	0 	0 	0 	0 
NR,PERS,GA,ES	: 	: 	: 	: 	: 	: 	: 	: 	: 	1658 u	: 	: 	: 	: 	: 	: 
NR,PERS,GI,ES	: 	: 	: c	: 	: c	: 	: c	: c	18944 u	6702 u	78000 u	: 	5091 	3507 	2660 	4170 
NR,PERS,HR,BG	: 	: 	: 	: 	: 	: 	: 	: 	0 	0 	0 	0 	0 	0 	0 	0 
NR,PERS,HR,HU	43609 	129406 	61932 	36293 	: 	: 	: 	: 	84142 	206464 	112264 	63738 	45818 	80021 	44988 	30495 
NR,PERS,HR,PT	: 	: 	: 	: 	: 	: 	: 	: 	: 	: 	: 	: 	0 	0 	0 	0 
NR,PERS,HR,SI	: 	: 	: 	: 	287006 	268680 	421854 	266368 	189130 	389406 	272810 	196140 	125774 e	116659 e	104217 e	86477 e
NR,PERS,HU,BG	: 	: 	: 	: 	: 	: 	: 	: 	0 	0 	0 	0 	0 	0 	0 	0 
NR,PERS,HU,PT	: 	: 	: 	: 	: 	: 	: 	: 	: 	: 	: 	: 	0 	0 	0 	0 
NR,PERS,IE,BG	: 	: 	: 	: 	: 	: 	: 	: 	0 	0 	0 	0 	0 	0 	0 	0 
NR,PERS,IE,PT	: 	: 	: 	: 	: 	: 	: 	: 	: 	: 	: 	: 	0 	0 	0 	0 
NR,PERS,IS,BG	: 	: 	: 	: 	: 	: 	: 	: 	0 	0 	0 	0 	0 	0 	0 	0 
NR,PERS,IS,HU	: 	: 	: 	: 	: 	: 	: 	: 	: 	: 	: 	: 	: 	: 	: 	161 
NR,PERS,IS,PT	: 	: 	: 	: 	: 	: 	: 	: 	: 	: 	: 	: 	0 	0 	0 	0 
NR,PERS,IT,BG	: 	: 	: 	: 	: 	: 	: 	: 	0 	0 	0 	0 	0 	0 	0 	0 
NR,PERS,IT,FI	: 	: 	: 	: 	: 	: 	: 	: 	7940 u	: 	: 	: 	: 	: 	: 	: 
NR,PERS,IT,FR	: 	: 	: 	: 	68197 	65887 	50595 	21239 	: 	: 	: 	: 	: 	: 	: 	: 
NR,PERS,IT,PT	: 	: 	: 	: 	: 	: 	: 	: 	: 	: 	: 	: 	0 	0 	0 	0 
NR,PERS,IT,SI	: 	: 	: 	: 	507260 	281970 	304454 	302770 	265636 	205502 	256490 	257822 	151510 e	140977 e	145416 e	175358 e
NR,PERS,LI,BG	: 	: 	: 	: 	: 	: 	: 	: 	0 	0 	0 	0 	0 	0 	0 	0 
NR,PERS,LI,PT	: 	: 	: 	: 	: 	: 	: 	: 	: 	: 	: 	: 	0 	0 	0 	0 
NR,PERS,LT,BG	: 	: 	: 	: 	: 	: 	: 	: 	0 	0 	0 	0 	0 	0 	0 	0 
NR,PERS,LT,LV	156766 	164355 	113136 	109347 	120462 u	241302 	264104 	102994 u	90574 	198742 	69104 	55530 	: 	: 	: 	: 
NR,PERS,LT,PT	: 	: 	: 	: 	: 	: 	: 	: 	: 	: 	: 	: 	0 	0 	0 	0 
NR,PERS,LU,BG	: 	: 	: 	: 	: 	: 	: 	: 	0 	0 	0 	0 	0 	0 	0 	0 
NR,PERS,LU,FR	: 	: 	: 	: 	82086 	79190 	67646 	51284 	: 	: 	: 	: 	: 	: 	: 	: 
NR,PERS,LU,PT	: 	: 	: 	: 	: 	: 	: 	: 	: 	: 	: 	: 	0 	0 	0 	0 
NR,PERS,LV,BG	: 	: 	: 	: 	: 	: 	: 	: 	0 	0 	0 	0 	0 	0 	0 	0 
NR,PERS,LV,FI	: 	: 	: 	: 	: 	6564 u	: 	: 	: 	: 	: 	: 	: 	: 	: 	: 
NR,PERS,LV,PT	: 	: 	: 	: 	: 	: 	: 	: 	: 	: 	: 	: 	0 	0 	0 	0 
NR,PERS,MA,ES	33557 	74723 	43088 	33414 	108912 	55914 u	121894 	73250 	80034 b	136710 b	142780 b	213908 b	104791 	106175 	149824 	126110 
NR,PERS,MC,FR	: 	: 	: 	: 	6352 	8232 	7602 	7650 	: 	: 	: 	: 	: 	: 	: 	: 
NR,PERS,ME,BG	: 	: 	: 	: 	: 	: 	: 	: 	0 	0 	0 	0 	0 	0 	0 	0 
NR,PERS,ME,PT	: 	: 	: 	: 	: 	: 	: 	: 	: 	: 	: 	: 	0 	0 	0 	0 
NR,PERS,MK,BG	: c	: c	: c	: c	: 	2256 u	: c	: c	0 	1858 u	0 	3474 u	924 	0 	0 	0 
NR,PERS,MK,PT	: 	: 	: 	: 	: 	: 	: 	: 	: 	: 	: 	: 	0 	0 	0 	0 
NR,PERS,MT,BG	: 	: 	: 	: 	: 	: 	: 	: 	0 	0 	0 	0 	0 	0 	0 	0 
NR,PERS,MT,PT	: 	: 	: 	: 	: 	: 	: 	: 	: 	: 	: 	: 	0 	0 	0 	0 
NR,PERS,NL,BG	: 	: 	: 	: 	: 	: 	: 	: 	0 	0 	0 	0 	0 	0 	0 	0 
NR,PERS,NL,FR	: 	: 	: 	: 	2958 	10428 	1474 	6550 	: 	: 	: 	: 	: 	: 	: 	: 
NR,PERS,NL,PT	: 	: 	: 	: 	: 	: 	: 	: 	: 	: 	: 	: 	0 	0 	0 	0 
NR,PERS,NO,BG	: 	: 	: 	: 	: 	: 	: 	: 	0 	0 	0 	0 	0 	0 	0 	0 
NR,PERS,NO,FI	7704 u	17912 u	4455 u	: 	: 	14166 u	7226 u	: 	13900 u	: 	12582 u	8056 u	8055 u	8696 u	: 	: 
NR,PERS,NO,PT	: 	: 	: 	: 	: 	: 	: 	: 	: 	: 	: 	: 	0 	0 	0 	0 
NR,PERS,OUT,AL	336447 	46597 	87455 	289149 	: 	: 	: 	: 	: 	: 	: 	: 	: 	: 	: 	: 
NR,PERS,OUT,AT	489782 	642275 	605868 	428001 	1106560 	1322626 	1127224 	854910 	961226 	1323746 	775078 	901160 	526409 	693349 	551944 	364604 
NR,PERS,OUT,BE	735010 b	1162602 b	1028203 b	643006 b	1030902 	2094768 	1856852 	1036244 	3609142 	3806954 	3444019 	4084895 	: 	: 	: 	: 
NR,PERS,OUT,BG	: c	93070 	36222 u	25316 u	: c	87156 u	: c	: c	: c	85012 u	114912 u	112754 u	15008 	81973 	43029 	29446 
NR,PERS,OUT,CH	: 	: 	: 	: 	: 	: 	: 	: 	5926344 u	3783376 u	3906910 u	4533922 u	1658817 u	2294508 u	1784856 u	1506212 u
NR,PERS,OUT,CY	: 	: c	: c	: c	: c	: c	: c	: c	: c	: c	: c	: c	28 e	0 e	0 e	0 e
NR,PERS,OUT,CZ	648286 	378407 	424689 	305860 	672522 	402137 	502572 	370942 	1405188 	915736 	755512 	666722 	859881 	477624 	420702 	488524 
NR,PERS,OUT,DE	29436000 	26135000 	22632000 	19773000 	55502000 	53174000 	43496000 	43562000 	60196000 	47048000 	45918000 	34750000 	26681000 	27404000 	23092000 	17617000 
NR,PERS,OUT,DK	: 	: 	: 	: 	2722556 e	3192851 e	2712248 e	2445534 e	5807732 e	7831594 e	5018958 e	5482116 e	3233695 e	3449275 e	2371376 e	1724637 e
NR,PERS,OUT,EE	447540 	436660 	329673 	310575 	596630 	748238 	578276 	434652 	545362 	422412 	392178 	230104 	212600 	235065 	170576 	184855 
NR,PERS,OUT,EL	51736 	65056 	55562 	44640 	57544 	49580 u	69012 	39438 u	78850 	179068 	167238 	65888 	88833 	48803 	53654 	37379 
NR,PERS,OUT,ES	785399 	893505 	740838 	687407 	1395888 	1512120 	1240966 	1440386 	1300236 b	1638602 b	1498392 b	1638816 b	305948 	323179 	505577 	439602 
NR,PERS,OUT,FI	233059 	230889 	246253 	188797 	427906 	555220 	518942 	377594 	413176 	472198 	515154 	352330 	206028 	286064 	200824 	172198 
NR,PERS,OUT,FR	: 	: 	: 	: 	751790 	875499 	458971 	422067 	: 	: 	: 	: 	781989 	847256 	724804 	589311 
NR,PERS,OUT,HR	: 	: 	: 	: 	: 	: 	: 	: 	580352 	782796 	906144 	629182 	366621 	357767 	387852 	538387 
NR,PERS,OUT,HU	2058621 	2343729 	2020720 	1735710 	: 	: 	: 	: 	3796070 	4181142 	4172118 	3223254 	1892313 	2044132 	1900853 	1606669 
NR,PERS,OUT,IE	15327 	19747 	16666 	20319 	42642 	23738 	28582 	22810 	28046 	37480 	31810 	23128 	23152 	22750 	18182 	11845 
NR,PERS,OUT,IT	283264 u	284425 u	648970 u	327024 u	: c	610352 u	: c	: c	: c	: c	850670 u	: c	300778 	321266 	224755 	120539 
NR,PERS,OUT,LT	: 	: 	: 	: 	887238 	1138278 	1064848 	737316 	836754 	1079352 	1049858 	750054 	487110 	680720 	668635 	482106 
NR,PERS,OUT,LU	: 	: 	: 	: 	402326 	416942 	371620 	298554 	468094 	657068 	454362 	510758 	336704 	318368 	355924 	417290 
NR,PERS,OUT,LV	206263 	206309 	167331 	154462 	330666 	345766 	410270 	197840 	179626 	317732 	119640 	179536 	122293 	92039 	106692 	86902 
NR,PERS,OUT,ME	: 	: 	: 	: 	: c	: c	: c	: c	: 	: 	: 	: 	: 	: 	: 	: 
NR,PERS,OUT,MT	11692 	12282 	15099 	8257 	9355 	13551 	14483 	7429 	: 	: 	: 	: 	7130 	10212 	13172 	3174 
NR,PERS,OUT,NL	6466663 	4930068 	5666568 	4339575 	17767728 	19983308 	17011940 	11836574 	11292976 	11892160 	9558452 	8833434 	8087973 	9977851 	9711843 	7989368 
NR,PERS,OUT,PL	: 	: 	: 	: 	: 	: 	: 	: 	15518102 	17242996 	17393158 	14783684 	6464681 	8093235 	6007367 	4071834 
NR,PERS,OUT,PT	86677 u	81768 u	231696 	141332 	299838 	364888 	39730 	372710 	: 	: 	: 	: 	68316 	73594 	322035 	261989 
NR,PERS,OUT,RO	8818447 	8266483 	8529825 	8347080 	: 	: 	: 	: 	18333978 	18255806 	17603626 	17178214 	8303902 	8549689 	8555375 	8159469 
NR,PERS,OUT,SE	208558 	315289 	295294 	644037 u	: 	: 	: 	: 	: 	: 	: 	: 	: 	: 	: 	: 
NR,PERS,OUT,SI	540023 	609212 	437792 	420625 	1413920 	908154 	1113112 	947794 	779134 	847700 	795012 	875242 	513039 e	369973 e	388159 e	415861 e
NR,PERS,OUT,SK	603545 	491749 	535057 	514621 	1144236 	1445062 	1542128 	824090 	714736 	1060502 	1032142 	839982 	657756 	582085 	320037 	275067 
NR,PERS,OUT,UK	527401 e	350163 e	510046 e	292942 e	569880 	369750 	487940 	265020 	534260 	321160 	735800 	364630 	250220 	296140 	367730 	194830 
NR,PERS,PL,BG	: 	: 	: 	: 	: 	: 	: 	: 	0 	0 	0 	0 	0 	0 	0 	0 
NR,PERS,PL,HU	: 	: 	: 	: 	: 	: 	: 	: 	: 	1084 	: 	: 	: 	: 	: 	: 
NR,PERS,PL,LV	: c	: 	: c	: 	: c	: 	: c	: 	3450 	: 	16566 	: 	: 	: 	: 	: 
NR,PERS,PL,PT	: 	: 	: 	: 	: 	: 	: 	: 	: 	: 	: 	: 	0 	0 	0 	0 
NR,PERS,PT,BG	: 	: 	: 	: 	: 	: 	: 	: 	0 	0 	0 	0 	0 	0 	0 	0 
NR,PERS,PT,ES	393135 	420226 	440032 	462610 	693364 	820414 	610748 	1015866 	534178 b	737714 b	611466 b	701096 b	75940 	88978 	158800 	184710 
NR,PERS,PT,PT	: 	: 	: 	: 	: 	: 	: 	: 	: 	: 	: 	: 	0 	0 	0 	0 
NR,PERS,RO,BG	: c	: 	: c	: c	: c	: 	: c	: c	: c	0 	0 	21162 u	2529 	0 	3126 	1186 
NR,PERS,RO,HU	163001 	201219 	212786 	140838 	: 	: 	: 	: 	264292 	311752 	314528 	201582 	113816 	139862 	142173 	112005 
NR,PERS,RO,PT	: 	: 	: 	: 	: 	: 	: 	: 	: 	: 	: 	: 	0 	0 	0 	0 
NR,PERS,RS,BG	: c	: c	: c	: c	: 	: 	: c	: 	: c	0 	1984 u	0 	2789 	0 	0 	916 
NR,PERS,RS,HU	174538 	157287 	147214 	126591 	: 	: 	: 	: 	158628 	139786 	211392 	160734 	119274 	87792 	92160 	71612 
NR,PERS,RS,PT	: 	: 	: 	: 	: 	: 	: 	: 	: 	: 	: 	: 	0 	0 	0 	0 
NR,PERS,RU,FI	41268 u	21808 u	13129 u	45444 u	41126 u	166538 	78704 u	90888 u	46962 u	38276 u	98922 u	47222 u	52488 	52462 	25489 u	20597 u
NR,PERS,SE,BG	: 	: 	: 	: 	: 	: 	: 	: 	0 	0 	0 	0 	0 	0 	0 	0 
NR,PERS,SE,FI	52046 	57000 	54168 	52457 	138780 	108098 	102698 	104914 	37788 u	97050 u	86752 u	63652 u	56708 	48061 u	39596 u	44289 u
NR,PERS,SE,LV	: 	: 	: 	: c	: 	: 	: 	: 	: 	: 	2466 	: 	: 	: 	: 	: 
NR,PERS,SE,PT	: 	: 	: 	: 	: 	: 	: 	: 	: 	: 	: 	: 	0 	0 	0 	0 
NR,PERS,SI,BG	: 	: 	: 	: 	: 	: 	: 	: 	0 	0 	0 	0 	0 	0 	0 	0 
NR,PERS,SI,HU	47838 	97400 	61420 	54379 	: 	: 	: 	: 	73696 	112522 	111108 	71170 	16686 	39210 	27826 	42339 
NR,PERS,SI,PT	: 	: 	: 	: 	: 	: 	: 	: 	: 	: 	: 	: 	0 	0 	0 	0 
NR,PERS,SK,BG	: 	: 	: 	: 	: 	: 	: 	: 	0 	0 	0 	0 	0 	0 	0 	0 
NR,PERS,SK,HU	622199 	806534 	641365 	463749 	: 	: 	: 	: 	1140132 	1438938 	1393746 	989014 	638867 	749010 	659027 	484853 
NR,PERS,SK,PT	: 	: 	: 	: 	: 	: 	: 	: 	: 	: 	: 	: 	0 	0 	0 	0 
NR,PERS,TN,ES	: c	: 	: 	: 	: 	: 	: 	: 	: 	: 	: 	: 	: 	: 	: 	: 
NR,PERS,TR,BG	: c	: c	: c	: c	: c	11694 u	: c	: c	: c	1774 u	6732 u	13472 u	7620 	0 	4972 	6817 
NR,PERS,TR,PT	: 	: 	: 	: 	: 	: 	: 	: 	: 	: 	: 	: 	0 	0 	0 	0 
NR,PERS,UA,BG	: 	: 	: 	: 	: 	: 	: 	: 	0 	0 	0 	0 	0 	0 	0 	0 
NR,PERS,UA,HU	115593 	127410 	97529 	155558 	: 	: 	: 	: 	544242 	549932 	481342 	413896 	204474 	207092 	179022 	146247 
NR,PERS,UA,PT	: 	: 	: 	: 	: 	: 	: 	: 	: 	: 	: 	: 	0 	0 	0 	0 
NR,PERS,UK,BG	: 	: 	: 	: 	: 	: 	: 	: 	0 	0 	0 	0 	0 	0 	0 	0 
NR,PERS,UK,ES	: c	: c	: c	: 	: 	: 	: c	: c	51164 u	22930 u	11104 u	222264 u	1701 	: 	: 	: 
NR,PERS,UK,FR	: 	: 	: 	: 	29477 	50314 	17354 	10495 	: 	: 	: 	: 	: 	: 	: 	: 
NR,PERS,UK,LV	: 	: 	: 	: 	: 	: 	: 	: 	: 	: 	1640 	: 	: 	: 	: 	: 
NR,PERS,UK,PT	: 	: 	: 	: 	: 	: 	: 	: 	: 	: 	: 	: 	0 	0 	0 	0 
NR,PERS,WORLD,AT	: 	: 	: 	: 	1106560 	1322626 	1127224 	854910 	961226 	1323746 	775078 	901160 	: 	: 	: 	: 
NR,PERS,WORLD,BE	: b	: b	: b	: b	1030902 	2094768 	1856852 	1036244 	5978473 	: 	6083137 	6032226 	: 	: 	: 	: 
NR,PERS,WORLD,BG	: 	: 	: 	: 	9774 	87156 	42488 	17576 	44466 	85012 	114912 	112754 	: 	: 	: 	: 
NR,PERS,WORLD,CH	: 	: 	: 	: 	: 	: 	: 	: 	5926344 	3783376 	3906910 	4533922 	: 	: 	: 	: 
NR,PERS,WORLD,CY	: 	: 	: 	: 	76 	96 	0 	40 	222 	0 	0 	106 	: 	: 	: 	: 
NR,PERS,WORLD,CZ	: 	: 	: 	: 	: 	: 	: 	: 	1405188 	915736 	755512 	666722 	: 	: 	: 	: 
NR,PERS,WORLD,DE	: 	: 	: 	: 	55502000 	53174000 	43496000 	43562000 	60196000 	47048000 	45918000 	34750000 	: 	: 	: 	: 
NR,PERS,WORLD,DK	: 	: 	: 	: 	: 	: 	: 	: 	5807732 	7831594 	5018958 	5482116 	: 	: 	: 	: 
NR,PERS,WORLD,EL	: 	: 	: 	: 	57544 	49580 	69012 	39438 	2570828 	2836746 	3168685 	4875639 	: 	: 	: 	: 
NR,PERS,WORLD,ES	: 	: 	: 	: 	1395888 	1512120 	1240966 	1440386 	: b	: b	: b	: b	: 	: 	: 	: 
NR,PERS,WORLD,FI	: 	: 	: 	: 	427906 	555220 	518942 	377594 	413176 	472198 	515154 	352330 	: 	: 	: 	: 
NR,PERS,WORLD,HU	: 	: 	: 	: 	: 	: 	: 	: 	3796070 	4181142 	4172118 	3223254 	: 	: 	: 	: 
NR,PERS,WORLD,IE	30654 	39494 	33332 	40638 	42642 	23738 	28582 	22810 	28046 	37480 	31810 	23128 	: 	: 	: 	: 
NR,PERS,WORLD,IT	: 	: 	: 	: 	460414 	610352 	178904 	419738 	744364 	397474 	850670 	394414 	: 	: 	: 	: 
NR,PERS,WORLD,LT	: 	: 	: 	: 	887238 	1138278 	1064848 	737316 	836754 	1079352 	1049858 	750054 	: 	: 	: 	: 
NR,PERS,WORLD,LU	: 	: 	: 	: 	402326 	416942 	371620 	298554 	468094 	657068 	454362 	510758 	: 	: 	: 	: 
NR,PERS,WORLD,LV	: 	: 	: 	: 	330666 	345766 	410270 	197840 	: 	: 	: 	: 	: 	: 	: 	: 
NR,PERS,WORLD,ME	: 	: 	: 	: 	249184 	256210 	245678 	270050 	: 	: 	: 	: 	: 	: 	: 	: 
NR,PERS,WORLD,NL	: 	: 	: 	: 	17767728 	19983308 	17011940 	11836574 	: 	: 	: 	: 	: 	: 	: 	: 
NR,PERS,WORLD,PL	: 	: 	: 	: 	: 	: 	: 	: 	15518102 	17242996 	17393158 	14783684 	: 	: 	: 	: 
NR,PERS,WORLD,PT	: 	: 	: 	: 	299838 	364888 	39730 	372710 	: 	: 	: 	: 	: 	: 	: 	: 
NR,PERS,WORLD,RO	: 	: 	: 	: 	: 	: 	: 	: 	18333978 	18255806 	17603626 	17178214 	: 	: 	: 	: 
NR,PERS,WORLD,SI	: 	: 	: 	: 	1413920 	908154 	1113112 	947794 	: 	: 	: 	: 	: 	: 	: 	: 
NR,PERS,WORLD,SK	: 	: 	: 	: 	1144236 	1445062 	1542128 	824090 	: 	: 	: 	: 	: 	: 	: 	: 
NR,PERS,WORLD,UK	: 	: 	: 	: 	569880 	369750 	487940 	265020 	534260 	321160 	735800 	364630 	: 	: 	: 	: 
NR,PROF,AD,ES	: 	: 	: 	: c	: 	: c	: 	: 	: 	: 	: 	: 	: 	: 	: 	: 
NR,PROF,AL,FR	: 	: 	: 	: 	: 	36624 	12040 	: 	: 	: 	: 	: 	: 	: 	: 	: 
NR,PROF,AT,BG	: 	: 	: 	: 	: 	: 	: 	: 	0 	0 	0 	0 	0 	0 	0 	0 
NR,PROF,AT,HU	25618 u	20784 u	15566 u	: c	: 	: 	: 	: 	65808 u	46602 u	37726 u	: c	13221 	17881 	17600 	14311 
NR,PROF,AT,PT	: 	: 	: 	: 	: 	: 	: 	: 	: 	: 	: 	: 	0 	0 	0 	0 
NR,PROF,AT,SI	: 	: 	: 	: 	68758 u	27020 u	99956 u	74202 u	73720 	54164 u	63288 u	132746 u	43543 e	32385 u	36221 u	37915 u
NR,PROF,BE,BG	: 	: 	: 	: 	: 	: 	: 	: 	0 	0 	0 	0 	0 	0 	0 	0 
NR,PROF,BE,ES	: 	: 	: c	: c	: 	: c	: 	: 	: 	: 	: 	12886 u	7239 	5788 	: 	: 
NR,PROF,BE,FI	: 	: 	4300 u	4755 u	: 	: 	: 	9510 u	: 	: 	: 	: 	: 	: 	: 	: 
NR,PROF,BE,FR	: 	: 	: 	: 	21853 	88840 	84281 	54558 	: 	: 	: 	: 	: 	: 	: 	: 
NR,PROF,BE,LV	: 	: 	: 	: c	: 	: c	: 	: 	: 	2892 	4070 	: 	: 	: 	: 	: 
NR,PROF,BE,PT	: 	: 	: 	: 	: 	: 	: 	: 	: 	: 	: 	: 	0 	0 	0 	0 
NR,PROF,BG,BG	: 	: 	: 	: 	: 	: 	: 	: 	0 	0 	0 	0 	0 	0 	0 	0 
NR,PROF,BG,HU	: 	: 	: 	: 	: 	: 	: 	: 	: 	: 	: 	: 	: 	: 	: 	552 
NR,PROF,BG,PT	: 	: 	: 	: 	: 	: 	: 	: 	: 	: 	: 	: 	0 	0 	0 	0 
NR,PROF,BR,ES	: 	: 	: 	: 	: 	: 	: 	: 	: 	: 	8204 u	: 	: 	: 	: 	: 
NR,PROF,CH,BG	: 	: 	: 	: 	: 	: 	: 	: 	0 	0 	0 	0 	0 	0 	0 	0 
NR,PROF,CH,FR	: 	: 	: 	: 	24034 	12928 	28330 	10629 	: 	: 	: 	: 	: 	: 	: 	: 
NR,PROF,CH,PT	: 	: 	: 	: 	: 	: 	: 	: 	: 	: 	: 	: 	0 	0 	0 	0 
NR,PROF,CY,BG	: 	: 	: 	: 	: 	: 	: 	: 	0 	0 	0 	0 	0 	0 	0 	0 
NR,PROF,CY,PT	: 	: 	: 	: 	: 	: 	: 	: 	: 	: 	: 	: 	0 	0 	0 	0 
NR,PROF,CZ,BG	: 	: 	: 	: 	: 	: 	: 	: 	0 	0 	0 	0 	0 	0 	0 	0 
NR,PROF,CZ,HU	: 	: 	: 	: 	: 	: 	: 	: 	: 	: c	: 	: 	: 	: 	: 	291 
NR,PROF,CZ,PT	: 	: 	: 	: 	: 	: 	: 	: 	: 	: 	: 	: 	0 	0 	0 	0 
NR,PROF,DE,BG	: 	: 	: 	: 	: 	: 	: 	: 	0 	0 	0 	0 	0 	0 	0 	0 
NR,PROF,DE,ES	: c	: 	: 	: 	: 	: c	: c	: 	: 	: 	: 	21462 u	: 	: 	: 	: 
NR,PROF,DE,FI	: 	: 	: 	: 	8122 u	: 	6898 u	: 	7434 u	7298 u	5146 u	31380 u	: 	: 	3080 u	: 
NR,PROF,DE,FR	: 	: 	: 	: 	43332 	6048 	28167 	14548 	: 	: 	: 	: 	: 	: 	: 	: 
NR,PROF,DE,PT	: 	: 	: 	: 	: 	: 	: 	: 	: 	: 	: 	: 	0 	0 	0 	0 
NR,PROF,DK,BG	: 	: 	: 	: 	: 	: 	: 	: 	0 	0 	0 	0 	0 	0 	0 	0 
NR,PROF,DK,FI	: 	11090 u	4750 u	3958 u	: 	: 	: 	7916 u	6770 u	24012 u	: 	15154 u	: 	: 	7484 u	7403 u
NR,PROF,DK,LV	: 	: 	: 	: 	: 	: 	: c	: 	: 	: 	: 	: 	: 	: 	: 	: 
NR,PROF,DK,PT	: 	: 	: 	: 	: 	: 	: 	: 	: 	: 	: 	: 	0 	0 	0 	0 
NR,PROF,DOM,BE	: 	: 	: 	: 	: 	: 	: 	: 	176292 	: 	361616 	226763 	: 	: 	: 	: 
NR,PROF,DOM,EE	: 	: 	: 	: 	81821 	39463 	62913 	58473 	537777 	417414 	549908 	422227 	: 	: 	: 	: 
NR,PROF,DOM,EL	: 	: 	: 	: 	: 	: 	: 	: 	284716 	268547 	246814 	417042 	: 	: 	: 	: 
NR,PROF,DOM,ES	: 	: 	: 	: 	: 	: 	: 	: 	2475817 b	1824067 b	2235764 b	3102120 b	: 	: 	: 	: 
NR,PROF,DOM,HR	: 	: 	: 	: 	: 	: 	: 	: 	250551 	130498 	420635 	383850 	: 	: 	: 	: 
NR,PROF,DOM,IE	22162 	18796 	42661 	35084 	: 	: 	: 	: 	: 	: 	: 	: 	: 	: 	: 	: 
NR,PROF,DOM,LV	: 	: 	: 	: 	: 	: 	: 	: 	153895 	140382 	80949 	120069 	: 	: 	: 	: 
NR,PROF,DOM,NL	: 	: 	: 	: 	: 	: 	: 	: 	28826563 	19898165 	29044065 	28925876 	: 	: 	: 	: 
NR,PROF,DOM,SI	: 	: 	: 	: 	: 	: 	: 	: 	273064 	111158 	245106 	200234 	: 	: 	: 	: 
NR,PROF,DOM,SK	: 	: 	: 	: 	: 	: 	: 	: 	198947 	210205 	378717 	426064 	: 	: 	: 	: 
NR,PROF,EE,BG	: 	: 	: 	: 	: 	: 	: 	: 	0 	0 	0 	0 	0 	0 	0 	0 
NR,PROF,EE,FI	36512 u	3566 u	16560 u	11084 u	16538 u	24736 u	39910 u	22168 u	31496 u	6184 u	38440 u	30408 u	14815 u	: 	19501 u	6647 u
NR,PROF,EE,LV	: c	: c	: c	: c	: 	: 	: c	: c	19158 	4636 	3290 	25526 	: 	: 	: 	: 
NR,PROF,EE,PT	: 	: 	: 	: 	: 	: 	: 	: 	: 	: 	: 	: 	0 	0 	0 	0 
NR,PROF,EL,BG	: 	: 	: 	: 	: c	: c	0 	: 	0 	0 	0 	: c	0 	0 	0 	0 
NR,PROF,EL,PT	: 	: 	: 	: 	: 	: 	: 	: 	: 	: 	: 	: 	0 	0 	0 	0 
NR,PROF,ES,BG	: 	: 	: 	: 	: 	: 	: 	: 	0 	0 	0 	0 	0 	0 	0 	0 
NR,PROF,ES,FR	: 	: 	: 	: 	5976 	3732 	: 	30055 	: 	: 	: 	: 	: 	: 	: 	: 
NR,PROF,ES,PT	7990 u	32911 u	55786 u	19346 u	13766 	39356 	33224 	19962 	: 	: 	: 	: 	15742 	35457 	4162 	136613 
NR,PROF,FI,BG	: 	: 	: 	: 	: 	: 	: 	: 	0 	0 	0 	0 	0 	0 	0 	0 
NR,PROF,FI,LV	: 	: 	: c	: 	: 	: 	: 	: 	: 	: 	: 	: 	: 	: 	: 	: 
NR,PROF,FI,PT	: 	: 	: 	: 	: 	: 	: 	: 	: 	: 	: 	: 	0 	0 	0 	0 
NR,PROF,FR,BG	: 	: 	: 	: 	: 	: 	: 	: 	0 	0 	0 	0 	0 	0 	0 	0 
NR,PROF,FR,ES	: c	: 	: c	: c	: 	: c	: c	: c	26932 u	9256 u	15688 u	: 	2548 	12795 	3522 	14372 
NR,PROF,FR,PT	: 	: 	: 	: 	: 	: 	: 	: 	: 	: 	: 	: 	0 	0 	0 	0 
NR,PROF,GI,ES	: 	: 	: 	: 	: 	: 	: 	: 	: 	29860 u	: 	: 	: 	: 	: 	: 
NR,PROF,HR,BG	: 	: 	: 	: 	: 	: 	: 	: 	0 	0 	0 	0 	0 	0 	0 	0 
NR,PROF,HR,HU	: c	: c	: c	: c	: 	: 	: 	: 	: c	: c	: c	: c	2112 	6835 	5142 	2030 
NR,PROF,HR,PT	: 	: 	: 	: 	: 	: 	: 	: 	: 	: 	: 	: 	0 	0 	0 	0 
NR,PROF,HR,SI	: 	: 	: 	: 	19910 u	14308 u	136768 u	38998 u	66714 	51814 u	49478 u	11686 u	13796 u	7786 u	16881 u	19983 u
NR,PROF,HU,BG	: 	: 	: 	: 	: 	: 	: 	: 	0 	0 	0 	0 	0 	0 	0 	0 
NR,PROF,HU,PT	: 	: 	: 	: 	: 	: 	: 	: 	: 	: 	: 	: 	0 	0 	0 	0 
NR,PROF,IE,BG	: 	: 	: 	: 	: 	: 	: 	: 	0 	0 	0 	0 	0 	0 	0 	0 
NR,PROF,IE,PT	: 	: 	: 	: 	: 	: 	: 	: 	: 	: 	: 	: 	0 	0 	0 	0 
NR,PROF,IS,BG	: 	: 	: 	: 	: 	: 	: 	: 	0 	0 	0 	0 	0 	0 	0 	0 
NR,PROF,IS,PT	: 	: 	: 	: 	: 	: 	: 	: 	: 	: 	: 	: 	0 	0 	0 	0 
NR,PROF,IT,BG	: 	: 	: 	: 	: 	: 	: 	: 	0 	0 	0 	0 	0 	0 	0 	0 
NR,PROF,IT,ES	: c	: 	: 	: 	: 	: 	: 	: 	: 	: 	: 	: 	: 	: 	: 	: 
NR,PROF,IT,FR	: 	: 	: 	: 	20701 	22474 	26745 	: 	: 	: 	: 	: 	: 	: 	: 	: 
NR,PROF,IT,PT	: 	: 	: 	: 	: 	: 	: 	: 	: 	: 	: 	: 	0 	0 	0 	0 
NR,PROF,IT,SI	: 	: 	: 	: 	35030 u	20836 u	85466 u	5728 u	36390 u	81204 u	40000 u	32104 u	35002 e	11826 u	17236 u	12789 u
NR,PROF,LI,BG	: 	: 	: 	: 	: 	: 	: 	: 	0 	0 	0 	0 	0 	0 	0 	0 
NR,PROF,LI,PT	: 	: 	: 	: 	: 	: 	: 	: 	: 	: 	: 	: 	0 	0 	0 	0 
NR,PROF,LT,BG	: 	: 	: 	: 	: 	: 	: 	: 	0 	0 	0 	0 	0 	0 	0 	0 
NR,PROF,LT,FI	: 	: 	4325 u	3546 u	: 	: 	: 	7092 u	: 	: 	: 	16982 u	: 	: 	: 	: 
NR,PROF,LT,LV	: 	: c	: c	: c	: c	: c	: c	: c	34584 	14470 	7578 	36030 	: 	: 	: 	: 
NR,PROF,LT,PT	: 	: 	: 	: 	: 	: 	: 	: 	: 	: 	: 	: 	0 	0 	0 	0 
NR,PROF,LU,BG	: 	: 	: 	: 	: 	: 	: 	: 	0 	0 	0 	0 	0 	0 	0 	0 
NR,PROF,LU,FR	: 	: 	: 	: 	37315 	: 	11733 	23199 	: 	: 	: 	: 	: 	: 	: 	: 
NR,PROF,LU,PT	: 	: 	: 	: 	: 	: 	: 	: 	: 	: 	: 	: 	0 	0 	0 	0 
NR,PROF,LV,BG	: 	: 	: 	: 	: 	: 	: 	: 	0 	0 	0 	0 	0 	0 	0 	0 
NR,PROF,LV,FI	3170 u	: 	4217 u	7092 u	: 	7212 u	: 	14184 u	: 	: 	: 	15164 u	: 	: 	: 	: 
NR,PROF,LV,PT	: 	: 	: 	: 	: 	: 	: 	: 	: 	: 	: 	: 	0 	0 	0 	0 
NR,PROF,MA,ES	: 	: c	: c	: 	: c	: 	: 	: 	5242 u	990 u	: 	2610 u	12934 	17487 	13363 	: 
NR,PROF,MA,FR	: 	: 	: 	: 	: 	: 	13203 	: 	: 	: 	: 	: 	: 	: 	: 	: 
NR,PROF,MC,FR	: 	: 	: 	: 	: 	8607 	2958 	15238 	: 	: 	: 	: 	: 	: 	: 	: 
NR,PROF,MD,FR	: 	: 	: 	: 	: 	23033 	: 	: 	: 	: 	: 	: 	: 	: 	: 	: 
NR,PROF,ME,BG	: 	: 	: 	: 	: 	: 	: 	: 	0 	0 	0 	0 	0 	0 	0 	0 
NR,PROF,ME,PT	: 	: 	: 	: 	: 	: 	: 	: 	: 	: 	: 	: 	0 	0 	0 	0 
NR,PROF,MK,BG	: c	: 	: 	: 	: 	: 	: 	: 	0 	0 	0 	0 	0 	0 	0 	0 
NR,PROF,MK,PT	: 	: 	: 	: 	: 	: 	: 	: 	: 	: 	: 	: 	0 	0 	0 	0 
NR,PROF,MT,BG	: 	: 	: 	: 	: 	: 	: 	: 	0 	0 	0 	0 	0 	0 	0 	0 
NR,PROF,MT,PT	: 	: 	: 	: 	: 	: 	: 	: 	: 	: 	: 	: 	0 	0 	0 	0 
NR,PROF,NL,BG	: 	: 	: 	: 	: 	: 	: 	: 	0 	0 	0 	0 	0 	0 	0 	0 
NR,PROF,NL,ES	: 	: 	: 	: 	: c	: 	: 	: 	: 	: 	: 	: 	: 	: 	: 	: 
NR,PROF,NL,FI	: 	: 	: 	: 	: 	: 	: 	: 	: 	: 	5146 u	: 	: 	: 	: 	: 
NR,PROF,NL,FR	: 	: 	: 	: 	3631 	: 	: 	: 	: 	: 	: 	: 	: 	: 	: 	: 
NR,PROF,NL,PT	: 	: 	: 	: 	: 	: 	: 	: 	: 	: 	: 	: 	0 	0 	0 	0 
NR,PROF,NO,BG	: 	: 	: 	: 	: 	: 	: 	: 	0 	0 	0 	0 	0 	0 	0 	0 
NR,PROF,NO,ES	: 	: 	: 	: 	: 	: 	: 	: 	: 	6872 u	: 	: 	: 	: 	: 	: 
NR,PROF,NO,FI	: 	4006 u	9328 u	4135 u	16090 u	: 	6484 u	8270 u	: 	6870 u	7684 u	: 	: 	: 	: 	: 
NR,PROF,NO,PT	: 	: 	: 	: 	: 	: 	: 	: 	: 	: 	: 	: 	0 	0 	0 	0 
NR,PROF,OUT,AL	12886 u	37063 	8281 u	8409 u	: 	: 	: 	: 	: 	: 	: 	: 	: 	: 	: 	: 
NR,PROF,OUT,AT	94537 u	106740 u	119194 u	90638 u	226250 	222038 	254370 	309270 	159802 	163178 	212700 	250914 	109972 	84239 	110502 	108361 
NR,PROF,OUT,BE	77825 u	84966 b	175776 b	128783 b	81900 u	146582 u	177296 	323914 	: c	479530 u	309184 	300088 	: 	: 	: 	: 
NR,PROF,OUT,BG	: c	: c	0 	: c	: c	: c	0 	0 	: c	0 	0 	: c	6163 	0 	0 	0 
NR,PROF,OUT,CH	: 	: 	: 	: 	: 	: 	: 	: 	260266 u	286884 u	169866 u	13418 u	137418 u	0 u	130160 u	0 u
NR,PROF,OUT,CY	: 	: c	: c	: c	: c	: c	: c	: c	: c	: c	: c	: c	59 e	0 e	0 e	79 e
NR,PROF,OUT,CZ	44574 u	40184 u	40534 u	27354 u	45248 u	51088 u	67922 u	38240 u	: c	: c	: c	: c	: u	: u	: u	: u
NR,PROF,OUT,DE	929000 	1009000 	1026000 	934000 	2890000 	1784000 	2236000 	1338000 	2184000 	1958000 	1570000 	1334000 	1306000 	2013000 	1045000 	1072000 
NR,PROF,OUT,DK	: 	: 	: 	: 	1209685 e	851891 e	937080 e	1243761 e	2403120 e	2246598 e	1381098 e	1878348 e	1263296 e	710604 e	789560 e	1184340 e
NR,PROF,OUT,EE	61722 	98912 	73743 	60515 	163642 	78926 	125826 	116946 	160042 	148980 	134678 	107440 	86641 	121301 	71941 	98149 
NR,PROF,OUT,EL	: c	: c	: c	: c	: c	: c	: c	: c	2142 	3102 	3102 	12702 	0 	909 	0 	0 
NR,PROF,OUT,ES	: c	: c	: c	: c	: c	: c	: c	: c	44118 u	181556 u	74294 u	59780 u	51824 	46165 	17501 	15667 
NR,PROF,OUT,FI	60593 	51029 	55206 	51107 	82440 u	53528 u	112786 	102214 	122500 	77682 u	111590 	146246 	33769 u	12570 u	73414 	35942 u
NR,PROF,OUT,FR	: 	: 	: 	: 	170280 	247676 	220319 	162695 	: 	: 	: 	: 	199615 	311902 	270056 	297663 
NR,PROF,OUT,HR	: 	: 	: 	: 	: 	: 	: 	: 	298772 	213596 	56824 	87760 	82017 	33782 	52301 	55706 
NR,PROF,OUT,HU	57568 	51047 	40170 	33263 	: 	: 	: 	: 	131322 	82908 	92492 	72994 	42572 	64540 	71878 	51237 
NR,PROF,OUT,IE	22162 	18796 	42661 	35084 	72784 	26384 	50920 	51714 	63188 	44916 	62290 	36804 	28856 	23189 	23060 	20303 
NR,PROF,OUT,IT	0 	: c	0 	: c	0 	: c	0 	0 	0 	0 	0 	0 	0 	0 	0 	0 
NR,PROF,OUT,LT	: 	: 	: 	: 	118022 	153112 	176094 	106090 	113578 	148500 	162300 	101982 	35108 	51145 	50668 	47527 
NR,PROF,OUT,LU	: 	: 	: 	: 	66158 u	51948 u	: c	96834 u	198636 u	63062 u	77784 u	87802 u	57190 	67243 	70408 	104579 
NR,PROF,OUT,LV	: c	: c	: c	: c	: c	: c	: c	: c	56502 	21998 	14938 	65088 	8473 	4222 	36931 	26783 
NR,PROF,OUT,ME	: 	: 	: 	: 	: c	: c	: c	: c	: 	: 	: 	: 	: 	: 	: 	: 
NR,PROF,OUT,MT	2120 	2275 	2699 	1949 	1734 	2300 	2425 	1373 u	: 	: 	: 	: 	1324 	828 	2430 	891 
NR,PROF,OUT,NL	2350304 	1258969 	1826188 	2407927 	3019820 	1917766 	1912778 	2697398 	1064768 	1543170 	2202990 	1401934 	1453224 	698023 	1223816 	1769646 
NR,PROF,OUT,PL	: 	: 	: 	: 	: 	: 	: 	: 	349438 	219848 	346180 	367038 	137070 	62553 	129818 	143930 
NR,PROF,OUT,PT	7990 u	32911 u	55786 u	19346 u	13766 	39356 	33224 	19962 	: 	: 	: 	: 	15742 	35457 	4162 	136613 
NR,PROF,OUT,RO	230179 	233352 	232429 	243032 	: 	: 	: 	: 	499566 	511062 	478880 	604076 	209072 	264743 	232827 	254458 
NR,PROF,OUT,SE	129282 u	66655 u	54030 u	69711 u	: 	: 	: 	: 	: 	: 	: 	: 	: 	: 	: 	: 
NR,PROF,OUT,SI	38939 	88014 u	147678 u	115126 u	150740 	99412 u	337542 	139594 u	221624 	202468 u	168194 	195178 	116953 e	58783 e	89108 e	77649 e
NR,PROF,OUT,SK	52863 	48082 	27245 	49935 	130494 	48616 	323360 	230622 	46350 	84252 	53448 	103648 	55761 	30799 	38441 	17775 
NR,PROF,OUT,UK	450405 e	377407 e	468182 e	426213 e	295860 	271020 	283400 	335880 	310080 	221720 	313780 	308218 	151740 	136550 	164090 	156970 
NR,PROF,PL,BG	: 	: 	: 	: 	: 	: 	: 	: 	0 	0 	0 	0 	0 	0 	0 	0 
NR,PROF,PL,FI	: 	: 	: 	: 	: 	: 	: 	: 	8582 u	: 	: 	: 	: 	: 	3621 u	: 
NR,PROF,PL,LV	: 	: 	: c	: 	: 	: 	: 	: c	2758 	: 	: 	3534 	: 	: 	: 	: 
NR,PROF,PL,PT	: 	: 	: 	: 	: 	: 	: 	: 	: 	: 	: 	: 	0 	0 	0 	0 
NR,PROF,PT,BG	: 	: 	: 	: 	: 	: 	: 	: 	0 	0 	0 	0 	0 	0 	0 	0 
NR,PROF,PT,ES	: c	: c	: c	: c	: c	: c	: 	: 	: 	134576 u	2216 u	22822 u	29102 	10096 	616 	1295 
NR,PROF,PT,PT	: 	: 	: 	: 	: 	: 	: 	: 	: 	: 	: 	: 	0 	0 	0 	0 
NR,PROF,RO,BG	: 	: c	: 	: c	: 	: c	0 	: 	0 	0 	0 	0 	6163 	0 	0 	0 
NR,PROF,RO,HU	: c	: c	: c	: c	: 	: 	: 	: 	: c	: c	: c	: c	5500 	3810 	7599 	4402 
NR,PROF,RO,PT	: 	: 	: 	: 	: 	: 	: 	: 	: 	: 	: 	: 	0 	0 	0 	0 
NR,PROF,RS,BG	: c	: 	: 	: 	: 	: c	0 	: 	0 	0 	0 	0 	0 	1498 	0 	0 
NR,PROF,RS,HU	: c	: c	: 	: 	: 	: 	: 	: 	: c	: c	: c	: c	4769 	4379 	19889 	5648 
NR,PROF,RS,PT	: 	: 	: 	: 	: 	: 	: 	: 	: 	: 	: 	: 	0 	0 	0 	0 
NR,PROF,RU,FI	: 	4088 u	: 	6138 u	: 	: 	28974 u	12276 u	: 	: 	: 	: 	8784 u	: 	: 	: 
NR,PROF,SE,BG	: 	: 	: 	: 	: 	: 	: 	: 	0 	0 	0 	0 	0 	0 	0 	0 
NR,PROF,SE,FI	20911 u	28279 u	11726 u	10399 u	41690 u	21580 u	30520 u	20798 u	68218 u	26692 u	55174 u	37158 u	6862 u	12570 u	39728 u	21892 u
NR,PROF,SE,FR	: 	: 	: 	: 	: 	: 	4384 	: 	: 	: 	: 	: 	: 	: 	: 	: 
NR,PROF,SE,LV	: c	: 	: 	: 	: 	: 	: 	: 	: 	: 	: 	: 	: 	: 	: 	: 
NR,PROF,SE,PT	: 	: 	: 	: 	: 	: 	: 	: 	: 	: 	: 	: 	0 	0 	0 	0 
NR,PROF,SI,BG	: 	: 	: 	: 	: 	: 	: 	: 	0 	0 	0 	0 	0 	0 	0 	0 
NR,PROF,SI,HU	: c	: c	: c	: c	: 	: 	: 	: 	: c	: c	: c	: c	207 	1566 	1652 	3981 
NR,PROF,SI,PT	: 	: 	: 	: 	: 	: 	: 	: 	: 	: 	: 	: 	0 	0 	0 	0 
NR,PROF,SK,BG	: 	: 	: 	: 	: 	: 	: 	: 	0 	0 	0 	0 	0 	0 	0 	0 
NR,PROF,SK,HU	: c	: c	: c	: c	: 	: 	: 	: 	40664 u	: c	: c	: c	16763 	29527 	19996 	20022 
NR,PROF,SK,PT	: 	: 	: 	: 	: 	: 	: 	: 	: 	: 	: 	: 	0 	0 	0 	0 
NR,PROF,TR,BG	: 	: 	: 	: 	: 	: 	0 	: 	: c	0 	0 	0 	0 	0 	0 	0 
NR,PROF,TR,FR	: 	: 	: 	: 	: 	35088 	: 	: 	: 	: 	: 	: 	: 	: 	: 	: 
NR,PROF,TR,PT	: 	: 	: 	: 	: 	: 	: 	: 	: 	: 	: 	: 	0 	0 	0 	0 
NR,PROF,UA,BG	: 	: 	: 	: 	: 	: 	: 	: 	0 	0 	0 	0 	0 	0 	0 	0 
NR,PROF,UA,HU	: 	: 	: 	: 	: 	: 	: 	: 	: 	: 	: 	: 	: 	542 	: 	: 
NR,PROF,UA,PT	: 	: 	: 	: 	: 	: 	: 	: 	: 	: 	: 	: 	0 	0 	0 	0 
NR,PROF,UK,BG	: 	: 	: 	: 	: 	: 	: 	: 	0 	0 	0 	0 	0 	0 	0 	0 
NR,PROF,UK,ES	: c	: c	: c	: 	: 	: 	: c	: 	11944 u	: 	48186 u	: 	: 	: 	: 	: 
NR,PROF,UK,FI	: 	: 	: 	: 	: 	: 	: 	: 	: 	6626 u	: 	: 	3308 u	: 	: 	: 
NR,PROF,UK,FR	: 	: 	: 	: 	13439 	10302 	8481 	14468 	: 	: 	: 	: 	: 	: 	: 	: 
NR,PROF,UK,LV	: 	: c	: 	: 	: 	: 	: 	: 	: 	: 	: 	: 	: 	: 	: 	: 
NR,PROF,UK,PT	: 	: 	: 	: 	: 	: 	: 	: 	: 	: 	: 	: 	0 	0 	0 	0 
NR,PROF,WORLD,AT	: 	: 	: 	: 	226250 	222038 	254370 	309270 	159802 	163178 	212700 	250914 	: 	: 	: 	: 
NR,PROF,WORLD,BE	: b	: b	: b	: b	81900 	146582 	177296 	323914 	574786 	: 	670800 	526851 	: 	: 	: 	: 
NR,PROF,WORLD,BG	: 	: 	: 	: 	2610 	13638 	0 	0 	12138 	0 	0 	1746 	: 	: 	: 	: 
NR,PROF,WORLD,CH	: 	: 	: 	: 	: 	: 	: 	: 	260266 	286884 	169866 	13418 	: 	: 	: 	: 
NR,PROF,WORLD,CY	: 	: 	: 	: 	312 	136 	180 	0 	222 	106 	306 	222 	: 	: 	: 	: 
NR,PROF,WORLD,CZ	: 	: 	: 	: 	: 	: 	: 	: 	72214 	16956 	46936 	89928 	: 	: 	: 	: 
NR,PROF,WORLD,DE	: 	: 	: 	: 	2890000 	1784000 	2236000 	1338000 	2184000 	1958000 	1570000 	1334000 	: 	: 	: 	: 
NR,PROF,WORLD,DK	: 	: 	: 	: 	: 	: 	: 	: 	2403120 	2246598 	1381098 	1878348 	: 	: 	: 	: 
NR,PROF,WORLD,EL	: 	: 	: 	: 	7286 	708 	1542 	1528 	286858 	271649 	249916 	429744 	: 	: 	: 	: 
NR,PROF,WORLD,ES	: 	: 	: 	: 	18474 	90848 	34080 	11440 	: b	: b	: b	: b	: 	: 	: 	: 
NR,PROF,WORLD,FI	: 	: 	: 	: 	82440 	53528 	112786 	102214 	122500 	77682 	111590 	146246 	: 	: 	: 	: 
NR,PROF,WORLD,HU	: 	: 	: 	: 	: 	: 	: 	: 	131322 	82908 	92492 	72994 	: 	: 	: 	: 
NR,PROF,WORLD,IE	44324 	37592 	85322 	70168 	72784 	26384 	50920 	51714 	63188 	44916 	62290 	36804 	: 	: 	: 	: 
NR,PROF,WORLD,IT	: 	: 	: 	: 	0 	15574 	0 	0 	0 	0 	0 	0 	: 	: 	: 	: 
NR,PROF,WORLD,LT	: 	: 	: 	: 	118022 	153112 	176094 	106090 	113578 	148500 	162300 	101982 	: 	: 	: 	: 
NR,PROF,WORLD,LU	: 	: 	: 	: 	66158 	51948 	42714 	96834 	198636 	63062 	77784 	87802 	: 	: 	: 	: 
NR,PROF,WORLD,LV	: 	: 	: 	: 	30358 	34024 	7256 	21186 	: 	: 	: 	: 	: 	: 	: 	: 
NR,PROF,WORLD,ME	: 	: 	: 	: 	43084 	21522 	43640 	43232 	: 	: 	: 	: 	: 	: 	: 	: 
NR,PROF,WORLD,NL	: 	: 	: 	: 	3019820 	1917766 	1912778 	2697398 	: 	: 	: 	: 	: 	: 	: 	: 
NR,PROF,WORLD,PL	: 	: 	: 	: 	: 	: 	: 	: 	349438 	219848 	346180 	367038 	: 	: 	: 	: 
NR,PROF,WORLD,PT	: 	: 	: 	: 	13766 	39356 	33224 	19962 	: 	: 	: 	: 	: 	: 	: 	: 
NR,PROF,WORLD,RO	: 	: 	: 	: 	: 	: 	: 	: 	499566 	511062 	478880 	604076 	: 	: 	: 	: 
NR,PROF,WORLD,SI	: 	: 	: 	: 	150740 	99412 	337542 	139594 	: 	: 	: 	: 	: 	: 	: 	: 
NR,PROF,WORLD,SK	: 	: 	: 	: 	130494 	48616 	323360 	230622 	: 	: 	: 	: 	: 	: 	: 	: 
NR,PROF,WORLD,UK	: 	: 	: 	: 	295860 	271020 	283400 	335880 	310080 	221720 	313780 	308218 	: 	: 	: 	: 
NR,TOTAL,AD,ES	: 	: 	: 	35242 	169042 	167144 	147246 	104816 	339406 b	149530 b	227700 b	169398 b	: 	: 	: 	: 
NR,TOTAL,AT,BG	: 	: 	: 	: 	: 	: 	: 	: 	0 	0 	0 	0 	0 	0 	0 	0 
NR,TOTAL,AT,ES	: 	: 	: 	: 	: 	: 	: 	: 	: 	668 b	: 	: 	: 	: 	: 	: 
NR,TOTAL,AT,HU	917461 	842901 	814040 	777089 	: 	: 	: 	: 	1595366 	1467266 	1585464 	1347560 	766205 	759026 	771109 	732812 
NR,TOTAL,AT,PT	: 	: 	: 	: 	: 	: 	: 	: 	: 	: 	: 	: 	0 	0 	0 	0 
NR,TOTAL,AT,SI	: 	: 	: 	: 	641320 	336256 	445078 	403590 	356714 	274106 	286296 	494660 	248480 	129564 	159781 	188249 
NR,TOTAL,BE,BG	: 	: 	: 	: 	: 	: 	: 	: 	0 	0 	0 	0 	0 	0 	0 	0 
NR,TOTAL,BE,ES	: 	: 	: 	: 	: 	18292 	: 	: 	: 	: 	: 	12886 b	: 	: 	: 	: 
NR,TOTAL,BE,FI	: 	: 	: 	: 	: 	: 	: 	9510 	: 	: 	: 	: 	: 	: 	: 	: 
NR,TOTAL,BE,FR	: 	: 	: 	: 	178163 	292513 	158251 	126080 	: 	: 	: 	: 	: 	: 	: 	: 
NR,TOTAL,BE,LV	: 	: 	: 	: 	: 	11192 	: 	: 	: 	2892 	4070 	: 	: 	: 	: 	: 
NR,TOTAL,BE,PT	: 	: 	: 	: 	: 	: 	: 	: 	: 	: 	: 	: 	0 	0 	0 	0 
NR,TOTAL,BG,BG	: 	: 	: 	: 	: 	: 	: 	: 	0 	0 	0 	0 	0 	0 	0 	0 
NR,TOTAL,BG,PT	: 	: 	: 	: 	: 	: 	: 	: 	: 	: 	: 	: 	0 	0 	0 	0 
NR,TOTAL,BR,ES	: 	: 	: 	: 	: 	: 	: 	: 	: 	: 	8204 b	: 	: 	: 	: 	: 
NR,TOTAL,CH,BG	: 	: 	: 	: 	: 	: 	: 	: 	0 	0 	0 	0 	0 	0 	0 	0 
NR,TOTAL,CH,FR	: 	: 	: 	: 	124444 	116313 	72696 	84434 	: 	: 	: 	: 	: 	: 	: 	: 
NR,TOTAL,CH,PT	: 	: 	: 	: 	: 	: 	: 	: 	: 	: 	: 	: 	0 	0 	0 	0 
NR,TOTAL,CY,BG	: 	: 	: 	: 	: 	: 	: 	: 	0 	0 	0 	0 	0 	0 	0 	0 
NR,TOTAL,CY,PT	: 	: 	: 	: 	: 	: 	: 	: 	: 	: 	: 	: 	0 	0 	0 	0 
NR,TOTAL,CZ,BG	: 	: 	: 	: 	: 	: 	: 	: 	0 	0 	0 	0 	0 	0 	0 	0 
NR,TOTAL,CZ,HU	: 	: 	: 	: 	: 	: 	: 	: 	1380 	1636 	: 	: 	: 	: 	: 	: 
NR,TOTAL,CZ,PT	: 	: 	: 	: 	: 	: 	: 	: 	: 	: 	: 	: 	0 	0 	0 	0 
NR,TOTAL,DE,BG	: 	: 	: 	: 	: 	: 	: 	: 	0 	0 	0 	0 	0 	0 	0 	0 
NR,TOTAL,DE,ES	: 	: 	: 	: 	: 	31078 	13710 	: 	: 	: 	: 	45674 b	: 	: 	: 	: 
NR,TOTAL,DE,FI	: 	: 	: 	: 	8122 	: 	6898 	: 	7434 	7298 	5146 	31380 	: 	: 	: 	: 
NR,TOTAL,DE,FR	: 	: 	: 	: 	203524 	187074 	99244 	90437 	: 	: 	: 	: 	: 	: 	: 	: 
NR,TOTAL,DE,PT	: 	: 	: 	: 	: 	: 	: 	: 	: 	: 	: 	: 	0 	0 	0 	0 
NR,TOTAL,DK,BG	: 	: 	: 	: 	: 	: 	: 	: 	0 	0 	0 	0 	0 	0 	0 	0 
NR,TOTAL,DK,FI	: 	: 	: 	: 	8136 	: 	: 	7916 	6770 	24012 	: 	25586 	: 	: 	: 	: 
NR,TOTAL,DK,LV	: 	: 	: 	: 	: 	: 	2338 	: 	: 	: 	: 	: 	: 	: 	: 	: 
NR,TOTAL,DK,PT	: 	: 	: 	: 	: 	: 	: 	: 	: 	: 	: 	: 	0 	0 	0 	0 
NR,TOTAL,DOM,BE	: 	: 	: 	: 	: 	: 	: 	: 	2545623 	: 	3000734 	2174094 	: 	: 	: 	: 
NR,TOTAL,DOM,EE	: 	: 	: 	: 	380136 	413582 	352051 	275799 	1672664 	2169162 	2100505 	1612187 	: 	: 	: 	: 
NR,TOTAL,DOM,EL	: 	: 	: 	: 	: 	: 	: 	: 	2776694 	2926225 	3248261 	5226793 	: 	: 	: 	: 
NR,TOTAL,DOM,ES	: 	: 	: 	: 	: 	: 	: 	: 	53259157 b	60791649 b	52446267 b	55179068 b	: 	: 	: 	: 
NR,TOTAL,DOM,HR	: 	: 	: 	: 	: 	: 	: 	: 	1370074 	2130412 	2212731 	2441586 	: 	: 	: 	: 
NR,TOTAL,DOM,IE	37489 	38543 	59327 	55403 	: 	: 	: 	: 	: 	: 	: 	: 	: 	: 	: 	: 
NR,TOTAL,DOM,LV	: 	: 	: 	: 	: 	: 	: 	: 	1953755 	2444016 	1978274 	1342343 	: 	: 	: 	: 
NR,TOTAL,DOM,NL	: 	: 	: 	: 	: 	: 	: 	: 	457327270 	442754926 	451372956 	401524816 	: 	: 	: 	: 
NR,TOTAL,DOM,SI	: 	: 	: 	: 	: 	: 	: 	: 	2017121 	2179904 	2282803 	2000831 	: 	: 	: 	: 
NR,TOTAL,DOM,SK	: 	: 	: 	: 	: 	: 	: 	: 	6438460 	7271004 	6891022 	6455343 	: 	: 	: 	: 
NR,TOTAL,EE,BG	: 	: 	: 	: 	: 	: 	: 	: 	0 	0 	0 	0 	0 	0 	0 	0 
NR,TOTAL,EE,FI	168553 	137735 	191061 	101980 	256402 	284590 	370224 	203960 	338082 	343056 	355338 	253376 	103592 	: 	155240 	113959 
NR,TOTAL,EE,LV	38783 	36818 	46930 	37038 	172222 	68528 	99306 	92592 	96874 	101524 	24842 	98294 	: 	: 	: 	: 
NR,TOTAL,EE,PT	: 	: 	: 	: 	: 	: 	: 	: 	: 	: 	: 	: 	0 	0 	0 	0 
NR,TOTAL,EL,BG	: 	: 	: 	: 	6136 	75498 	16994 	2582 	24686 	81380 	106196 	76392 	1147 	80474 	34930 	20527 
NR,TOTAL,EL,PT	: 	: 	: 	: 	: 	: 	: 	: 	: 	: 	: 	: 	0 	0 	0 	0 
NR,TOTAL,ES,BG	: 	: 	: 	: 	: 	: 	: 	: 	0 	0 	0 	0 	0 	0 	0 	0 
NR,TOTAL,ES,FR	: 	: 	: 	: 	103574 	86020 	: 	105682 	: 	: 	: 	: 	: 	: 	: 	: 
NR,TOTAL,ES,PT	94667 	114679 	287482 	160678 	313604 	404244 	72954 	392672 	: 	: 	: 	: 	84058 	109051 	326197 	398602 
NR,TOTAL,FI,BG	: 	: 	: 	: 	: 	: 	: 	: 	0 	0 	0 	0 	0 	0 	0 	0 
NR,TOTAL,FI,PT	: 	: 	: 	: 	: 	: 	: 	: 	: 	: 	: 	: 	0 	0 	0 	0 
NR,TOTAL,FR,BG	: 	: 	: 	: 	: 	: 	: 	: 	0 	0 	0 	0 	0 	0 	0 	0 
NR,TOTAL,FR,ES	163816 	: 	177605 	172400 	417186 	484748 	358308 	204978 	303440 b	591944 b	443030 b	307938 b	70437 	104515 	115722 	113201 
NR,TOTAL,FR,PT	: 	: 	: 	: 	: 	: 	: 	: 	: 	: 	: 	: 	0 	0 	0 	0 
NR,TOTAL,GA,ES	: 	: 	: 	: 	: 	: 	: 	: 	: 	1658 b	: 	: 	: 	: 	: 	: 
NR,TOTAL,GI,ES	: 	: 	: 	: 	7384 	: 	908 	31998 	18944 b	36562 b	78000 b	: 	: 	: 	: 	: 
NR,TOTAL,HR,BG	: 	: 	: 	: 	: 	: 	: 	: 	0 	0 	0 	0 	0 	0 	0 	0 
NR,TOTAL,HR,HU	51651 	144603 	67009 	38582 	: 	: 	: 	: 	94412 	221152 	119000 	67698 	47930 	86856 	50130 	32525 
NR,TOTAL,HR,PT	: 	: 	: 	: 	: 	: 	: 	: 	: 	: 	: 	: 	0 	0 	0 	0 
NR,TOTAL,HR,SI	: 	: 	: 	: 	306916 	282988 	558622 	305366 	255844 	441220 	322288 	207826 	139570 	124445 	121098 	106460 
NR,TOTAL,HU,BG	: 	: 	: 	: 	: 	: 	: 	: 	0 	0 	0 	0 	0 	0 	0 	0 
NR,TOTAL,HU,PT	: 	: 	: 	: 	: 	: 	: 	: 	: 	: 	: 	: 	0 	0 	0 	0 
NR,TOTAL,IE,BG	: 	: 	: 	: 	: 	: 	: 	: 	0 	0 	0 	0 	0 	0 	0 	0 
NR,TOTAL,IE,PT	: 	: 	: 	: 	: 	: 	: 	: 	: 	: 	: 	: 	0 	0 	0 	0 
NR,TOTAL,IS,BG	: 	: 	: 	: 	: 	: 	: 	: 	0 	0 	0 	0 	0 	0 	0 	0 
NR,TOTAL,IS,PT	: 	: 	: 	: 	: 	: 	: 	: 	: 	: 	: 	: 	0 	0 	0 	0 
NR,TOTAL,IT,BG	: 	: 	: 	: 	: 	: 	: 	: 	0 	0 	0 	0 	0 	0 	0 	0 
NR,TOTAL,IT,FI	: 	: 	: 	: 	: 	: 	: 	: 	7940 	: 	: 	: 	: 	: 	: 	: 
NR,TOTAL,IT,FR	: 	: 	: 	: 	88898 	88361 	77340 	: 	: 	: 	: 	: 	: 	: 	: 	: 
NR,TOTAL,IT,PT	: 	: 	: 	: 	: 	: 	: 	: 	: 	: 	: 	: 	0 	0 	0 	0 
NR,TOTAL,IT,SI	: 	: 	: 	: 	542290 	302806 	389920 	308498 	302026 	286706 	296490 	289926 	186512 	152803 	162652 	188147 
NR,TOTAL,LI,BG	: 	: 	: 	: 	: 	: 	: 	: 	0 	0 	0 	0 	0 	0 	0 	0 
NR,TOTAL,LI,PT	: 	: 	: 	: 	: 	: 	: 	: 	: 	: 	: 	: 	0 	0 	0 	0 
NR,TOTAL,LT,BG	: 	: 	: 	: 	: 	: 	: 	: 	0 	0 	0 	0 	0 	0 	0 	0 
NR,TOTAL,LT,FI	: 	: 	: 	: 	: 	: 	: 	7092 	: 	: 	: 	16982 	: 	: 	: 	: 
NR,TOTAL,LT,LV	: 	178343 	125723 	118826 	148498 	264136 	266364 	118530 	125158 	213212 	76682 	91560 	: 	: 	: 	: 
NR,TOTAL,LT,PT	: 	: 	: 	: 	: 	: 	: 	: 	: 	: 	: 	: 	0 	0 	0 	0 
NR,TOTAL,LU,BG	: 	: 	: 	: 	: 	: 	: 	: 	0 	0 	0 	0 	0 	0 	0 	0 
NR,TOTAL,LU,FR	: 	: 	: 	: 	119401 	: 	79379 	74483 	: 	: 	: 	: 	: 	: 	: 	: 
NR,TOTAL,LU,PT	: 	: 	: 	: 	: 	: 	: 	: 	: 	: 	: 	: 	0 	0 	0 	0 
NR,TOTAL,LV,BG	: 	: 	: 	: 	: 	: 	: 	: 	0 	0 	0 	0 	0 	0 	0 	0 
NR,TOTAL,LV,FI	: 	: 	: 	: 	: 	13776 	: 	14184 	: 	: 	: 	15164 	: 	: 	: 	: 
NR,TOTAL,LV,PT	: 	: 	: 	: 	: 	: 	: 	: 	: 	: 	: 	: 	0 	0 	0 	0 
NR,TOTAL,MA,ES	: 	74975 	43794 	: 	110488 	55914 	121894 	73250 	85276 b	137700 b	142780 b	216518 b	117725 	123662 	163187 	: 
NR,TOTAL,MC,FR	: 	: 	: 	: 	: 	16839 	10560 	22888 	: 	: 	: 	: 	: 	: 	: 	: 
NR,TOTAL,ME,BG	: 	: 	: 	: 	: 	: 	: 	: 	0 	0 	0 	0 	0 	0 	0 	0 
NR,TOTAL,ME,PT	: 	: 	: 	: 	: 	: 	: 	: 	: 	: 	: 	: 	0 	0 	0 	0 
NR,TOTAL,MK,BG	4448 	: 	: 	: 	: 	2256 	8126 	2622 	0 	1858 	0 	3474 	924 	0 	0 	0 
NR,TOTAL,MK,PT	: 	: 	: 	: 	: 	: 	: 	: 	: 	: 	: 	: 	0 	0 	0 	0 
NR,TOTAL,MT,BG	: 	: 	: 	: 	: 	: 	: 	: 	0 	0 	0 	0 	0 	0 	0 	0 
NR,TOTAL,MT,PT	: 	: 	: 	: 	: 	: 	: 	: 	: 	: 	: 	: 	0 	0 	0 	0 
NR,TOTAL,NL,BG	: 	: 	: 	: 	: 	: 	: 	: 	0 	0 	0 	0 	0 	0 	0 	0 
NR,TOTAL,NL,ES	: 	: 	: 	: 	9536 	: 	: 	: 	: 	: 	: 	: 	: 	: 	: 	: 
NR,TOTAL,NL,FI	: 	: 	: 	: 	: 	: 	: 	: 	: 	: 	5146 	: 	: 	: 	: 	: 
NR,TOTAL,NL,FR	: 	: 	: 	: 	6589 	: 	: 	: 	: 	: 	: 	: 	: 	: 	: 	: 
NR,TOTAL,NL,PT	: 	: 	: 	: 	: 	: 	: 	: 	: 	: 	: 	: 	0 	0 	0 	0 
NR,TOTAL,NO,BG	: 	: 	: 	: 	: 	: 	: 	: 	0 	0 	0 	0 	0 	0 	0 	0 
NR,TOTAL,NO,ES	: 	: 	: 	: 	: 	: 	: 	: 	: 	6872 b	: 	: 	: 	: 	: 	: 
NR,TOTAL,NO,FI	: 	21918 	13783 	: 	16090 	14166 	13710 	8270 	13900 	6870 	20266 	8056 	: 	: 	: 	: 
NR,TOTAL,NO,PT	: 	: 	: 	: 	: 	: 	: 	: 	: 	: 	: 	: 	0 	0 	0 	0 
NR,TOTAL,OUT,AL	349333 	83660 	95736 	297558 	: 	: 	: 	: 	: 	: 	: 	: 	: 	: 	: 	: 
NR,TOTAL,OUT,AT	584319 	749015 	725062 	518639 	1332810 	1544664 	1381594 	1164180 	1121028 	1486924 	987778 	1152074 	636381 	777588 	662446 	472965 
NR,TOTAL,OUT,BE	812835 b	1247568 b	1203979 b	771789 b	1112802 	2241350 	2034148 	1360158 	4007636 	4286484 	3753203 	4384983 	: 	: 	: 	: 
NR,TOTAL,OUT,BG	39979 	99932 	36222 	31594 	12384 	100794 	42488 	17576 	56604 	85012 	114912 	114500 	21171 	81973 	43029 	29446 
NR,TOTAL,OUT,CH	: 	: 	: 	: 	: 	: 	: 	: 	6186610 	4070260 	4076776 	4547340 	1796235 	2294508 	1915016 	1506212 
NR,TOTAL,OUT,CY	: 	189 	120 	73 	388 	232 	180 	40 	444 	106 	306 	328 	87 	0 	0 	79 
NR,TOTAL,OUT,CZ	692860 	418591 	465223 	333214 	717770 	453225 	570494 	409182 	1477402 	932692 	802448 	756650 	872824 	492980 	441093 	545134 
NR,TOTAL,OUT,DE	30365000 	27144000 	23658000 	20707000 	58392000 	54958000 	45732000 	44900000 	62380000 	49006000 	47488000 	36084000 	27987000 	29417000 	24137000 	18689000 
NR,TOTAL,OUT,DK	: 	: 	: 	: 	3932241 	4044742 	3649328 	3689295 	8210852 	10078192 	6400056 	7360464 	4496991 	4159879 	3160936 	2908977 
NR,TOTAL,OUT,EE	509262 	535572 	403416 	371090 	760272 	827164 	704102 	551598 	705404 	571392 	526856 	337544 	299241 	356366 	242517 	283004 
NR,TOTAL,OUT,EL	53728 	68452 	59076 	47074 	64830 	50288 	70554 	40966 	80992 	182170 	170340 	78590 	88833 	49712 	53654 	37379 
NR,TOTAL,OUT,ES	818117 	906808 	775561 	742144 	1414362 	1602968 	1275046 	1451826 	1344354 b	1820158 b	1572686 b	1698596 b	357772 	369344 	523078 	455269 
NR,TOTAL,OUT,FI	293652 	281918 	301459 	239904 	510346 	608748 	631728 	479808 	535676 	549880 	626744 	498576 	239797 	298634 	274238 	208140 
NR,TOTAL,OUT,FR	: 	: 	: 	: 	922070 	1123175 	679290 	584762 	: 	: 	: 	: 	981604 	1159158 	994860 	886974 
NR,TOTAL,OUT,HR	: 	: 	: 	: 	: 	: 	: 	: 	879124 	996392 	962968 	716942 	448638 	391549 	440153 	594093 
NR,TOTAL,OUT,HU	2116189 	2394776 	2060890 	1768973 	: 	: 	: 	: 	3927392 	4264050 	4264610 	3296248 	1934885 	2108672 	1972731 	1657906 
NR,TOTAL,OUT,IE	37489 	38543 	59327 	55403 	115426 	50122 	79502 	74524 	91234 	82396 	94100 	59932 	52008 	45939 	41242 	32148 
NR,TOTAL,OUT,IT	283264 	322191 	648970 	338790 	460414 	625926 	178904 	419738 	744364 	397474 	850670 	394414 	300778 	321266 	224755 	120539 
NR,TOTAL,OUT,LT	: 	: 	: 	: 	1005260 	1291390 	1240942 	843406 	950332 	1227852 	1212158 	852036 	522218 	731865 	719303 	529633 
NR,TOTAL,OUT,LU	: 	: 	: 	: 	468484 	468890 	414334 	395388 	666730 	720130 	532146 	598560 	393894 	385611 	426332 	521869 
NR,TOTAL,OUT,LV	215330 	222055 	182686 	170117 	361024 	379790 	417526 	219026 	236128 	339730 	134578 	244624 	130766 	96261 	143623 	113685 
NR,TOTAL,OUT,ME	: 	: 	: 	: 	292268 	277732 	289318 	313282 	: 	: 	: 	: 	: 	: 	: 	: 
NR,TOTAL,OUT,MT	13812 	14557 	17798 	10206 	11089 	15851 	16908 	8802 	: 	: 	: 	: 	8454 	11040 	15602 	4065 
NR,TOTAL,OUT,NL	8816967 	6189037 	7492756 	6747502 	20787548 	21901074 	18924718 	14533972 	12357744 	13435330 	11761442 	10235368 	9541197 	10675874 	10935659 	9759014 
NR,TOTAL,OUT,PL	: 	: 	: 	: 	: 	: 	: 	: 	15867540 	17462844 	17739338 	15150722 	6601751 	8155788 	6137185 	4215764 
NR,TOTAL,OUT,PT	94667 	114679 	287482 	160678 	313604 	404244 	72954 	392672 	: 	: 	: 	: 	84058 	109051 	326197 	398602 
NR,TOTAL,OUT,RO	9048626 	8499835 	8762254 	8590112 	: 	: 	: 	: 	18833544 	18766868 	18082506 	17782290 	8512974 	8814432 	8788202 	8413927 
NR,TOTAL,OUT,SE	337840 	381944 	349324 	713748 	: 	: 	: 	: 	: 	: 	: 	: 	: 	: 	: 	: 
NR,TOTAL,OUT,SI	578962 	697226 	585470 	535751 	1564660 	1007566 	1450654 	1087388 	1000758 	1050168 	963206 	1070420 	629992 	428756 	477267 	493510 
NR,TOTAL,OUT,SK	656408 	539831 	562302 	564556 	1274730 	1493678 	1865488 	1054712 	761086 	1144754 	1085590 	943630 	713517 	612884 	358478 	292842 
NR,TOTAL,OUT,UK	977806 	727570 	978228 	719155 	865740 	640770 	771340 	600900 	844340 	542880 	1049580 	672848 	401960 	432690 	531820 	351800 
NR,TOTAL,PL,BG	: 	: 	: 	: 	: 	: 	: 	: 	0 	0 	0 	0 	0 	0 	0 	0 
NR,TOTAL,PL,FI	: 	: 	: 	: 	: 	: 	: 	: 	8582 	: 	: 	: 	: 	: 	: 	: 
NR,TOTAL,PL,HU	: 	: 	: 	: 	: 	: 	: 	: 	: 	1084 	: 	: 	: 	: 	: 	: 
NR,TOTAL,PL,LV	: 	: 	3461 	: 	5418 	: 	26844 	3886 	6208 	: 	16566 	3534 	: 	: 	: 	: 
NR,TOTAL,PL,PT	: 	: 	: 	: 	: 	: 	: 	: 	: 	: 	: 	: 	0 	0 	0 	0 
NR,TOTAL,PT,BG	: 	: 	: 	: 	: 	: 	: 	: 	0 	0 	0 	0 	0 	0 	0 	0 
NR,TOTAL,PT,ES	400694 	428792 	462356 	496903 	700728 	845794 	610748 	1015866 	534178 b	872290 b	613682 b	723918 b	105042 	99074 	159416 	186005 
NR,TOTAL,PT,PT	: 	: 	: 	: 	: 	: 	: 	: 	: 	: 	: 	: 	0 	0 	0 	0 
NR,TOTAL,RO,BG	: 	: 	: 	11226 	3526 	9058 	5040 	4022 	3378 	0 	0 	21162 	8692 	0 	3126 	1186 
NR,TOTAL,RO,HU	171397 	204722 	218320 	144868 	: 	: 	: 	: 	270960 	317594 	331480 	213136 	119316 	143672 	149772 	116407 
NR,TOTAL,RO,PT	: 	: 	: 	: 	: 	: 	: 	: 	: 	: 	: 	: 	0 	0 	0 	0 
NR,TOTAL,RS,BG	4994 	: 	: 	: 	: 	2288 	6162 	: 	4014 	0 	1984 	0 	2789 	1498 	0 	916 
NR,TOTAL,RS,HU	175348 	158827 	: 	: 	: 	: 	: 	: 	162274 	141044 	217838 	163686 	124043 	92171 	112049 	77260 
NR,TOTAL,RS,PT	: 	: 	: 	: 	: 	: 	: 	: 	: 	: 	: 	: 	0 	0 	0 	0 
NR,TOTAL,RU,FI	: 	25896 	: 	51582 	41126 	166538 	107678 	103164 	46962 	38276 	98922 	47222 	61272 	: 	: 	: 
NR,TOTAL,SE,BG	: 	: 	: 	: 	: 	: 	: 	: 	0 	0 	0 	0 	0 	0 	0 	0 
NR,TOTAL,SE,FI	72957 	85279 	65894 	62856 	180470 	129678 	133218 	125712 	106006 	123742 	141926 	100810 	63570 	60631 	79324 	66181 
NR,TOTAL,SE,LV	: 	: 	: 	: 	: 	: 	: 	: 	: 	: 	2466 	: 	: 	: 	: 	: 
NR,TOTAL,SE,PT	: 	: 	: 	: 	: 	: 	: 	: 	: 	: 	: 	: 	0 	0 	0 	0 
NR,TOTAL,SI,BG	: 	: 	: 	: 	: 	: 	: 	: 	0 	0 	0 	0 	0 	0 	0 	0 
NR,TOTAL,SI,HU	49216 	101050 	64073 	57315 	: 	: 	: 	: 	77962 	113750 	115506 	72424 	16893 	40776 	29478 	46320 
NR,TOTAL,SI,PT	: 	: 	: 	: 	: 	: 	: 	: 	: 	: 	: 	: 	0 	0 	0 	0 
NR,TOTAL,SK,BG	: 	: 	: 	: 	: 	: 	: 	: 	0 	0 	0 	0 	0 	0 	0 	0 
NR,TOTAL,SK,HU	635523 	812907 	652705 	468970 	: 	: 	: 	: 	1180796 	1450592 	1413980 	1017848 	655630 	778537 	679023 	504875 
NR,TOTAL,SK,PT	: 	: 	: 	: 	: 	: 	: 	: 	: 	: 	: 	: 	0 	0 	0 	0 
NR,TOTAL,TR,BG	: 	: 	: 	: 	2722 	11694 	6166 	8350 	24526 	1774 	6732 	13472 	7620 	0 	4972 	6817 
NR,TOTAL,TR,PT	: 	: 	: 	: 	: 	: 	: 	: 	: 	: 	: 	: 	0 	0 	0 	0 
NR,TOTAL,UA,BG	: 	: 	: 	: 	: 	: 	: 	: 	0 	0 	0 	0 	0 	0 	0 	0 
NR,TOTAL,UA,HU	: 	: 	: 	: 	: 	: 	: 	: 	544242 	549932 	481342 	413896 	: 	207634 	: 	: 
NR,TOTAL,UA,PT	: 	: 	: 	: 	: 	: 	: 	: 	: 	: 	: 	: 	0 	0 	0 	0 
NR,TOTAL,UK,BG	: 	: 	: 	: 	: 	: 	: 	: 	0 	0 	0 	0 	0 	0 	0 	0 
NR,TOTAL,UK,ES	17635 	26800 	26856 	: 	: 	: 	22232 	20914 	63108 b	22930 b	59290 b	222264 b	: 	: 	: 	: 
NR,TOTAL,UK,FI	: 	: 	: 	: 	: 	: 	: 	: 	: 	6626 	: 	: 	: 	: 	: 	: 
NR,TOTAL,UK,FR	: 	: 	: 	: 	42916 	60616 	25835 	24963 	: 	: 	: 	: 	: 	: 	: 	: 
NR,TOTAL,UK,LV	: 	: 	: 	: 	: 	: 	: 	: 	: 	: 	1640 	: 	: 	: 	: 	: 
NR,TOTAL,UK,PT	: 	: 	: 	: 	: 	: 	: 	: 	: 	: 	: 	: 	0 	0 	0 	0 
NR,TOTAL,WORLD,AT	: 	: 	: 	: 	1332810 	1544664 	1381594 	1164180 	1121028 	1486924 	987778 	1152074 	: 	: 	: 	: 
NR,TOTAL,WORLD,BE	: b	: b	: b	: b	1112802 	2241350 	2034148 	1360158 	6553259 	4286484 	6753937 	6559077 	: 	: 	: 	: 
NR,TOTAL,WORLD,BG	: 	: 	: 	: 	12384 	100794 	42488 	17576 	56604 	85012 	114912 	114500 	: 	: 	: 	: 
NR,TOTAL,WORLD,CH	: 	: 	: 	: 	: 	: 	: 	: 	6186610 	4070260 	4076776 	4547340 	: 	: 	: 	: 
NR,TOTAL,WORLD,CY	: 	: 	: 	: 	388 	232 	180 	40 	444 	106 	306 	328 	: 	: 	: 	: 
NR,TOTAL,WORLD,CZ	: 	: 	: 	: 	: 	: 	: 	: 	1477402 	932692 	802448 	756650 	: 	: 	: 	: 
NR,TOTAL,WORLD,DE	: 	: 	: 	: 	58392000 	54958000 	45732000 	44900000 	62380000 	49006000 	47488000 	36084000 	: 	: 	: 	: 
NR,TOTAL,WORLD,DK	: 	: 	: 	: 	: 	: 	: 	: 	8210852 	10078192 	6400056 	7360464 	: 	: 	: 	: 
NR,TOTAL,WORLD,EE	: 	: 	: 	: 	1140408 	1240746 	1056153 	827397 	2378068 	2740554 	2627361 	1949731 	: 	: 	: 	: 
NR,TOTAL,WORLD,EL	: 	: 	: 	: 	64830 	50288 	70554 	40966 	2857686 	3108395 	3418601 	5305383 	: 	: 	: 	: 
NR,TOTAL,WORLD,ES	: 	: 	: 	: 	1414362 	1602968 	1275046 	1451826 	54603511 b	62611807 b	54018953 b	56877664 b	: 	: 	: 	: 
NR,TOTAL,WORLD,FI	: 	: 	: 	: 	510346 	608748 	631728 	479808 	535676 	549880 	626744 	498576 	: 	: 	: 	: 
NR,TOTAL,WORLD,HR	: 	: 	: 	: 	: 	: 	: 	: 	2249198 	3126804 	3175699 	3158528 	: 	: 	: 	: 
NR,TOTAL,WORLD,HU	: 	: 	: 	: 	: 	: 	: 	: 	3927392 	4264050 	4264610 	3296248 	: 	: 	: 	: 
NR,TOTAL,WORLD,IE	74978 	77086 	118654 	110806 	115426 	50122 	79502 	74524 	91234 	82396 	94100 	59932 	: 	: 	: 	: 
NR,TOTAL,WORLD,IT	: 	: 	: 	: 	460414 	625926 	178904 	419738 	744364 	397474 	850670 	394414 	: 	: 	: 	: 
NR,TOTAL,WORLD,LT	: 	: 	: 	: 	1005260 	1291390 	1240942 	843406 	950332 	1227852 	1212158 	852036 	: 	: 	: 	: 
NR,TOTAL,WORLD,LU	: 	: 	: 	: 	468484 	468890 	414334 	395388 	666730 	720130 	532146 	598560 	: 	: 	: 	: 
NR,TOTAL,WORLD,LV	: 	: 	: 	: 	361024 	379790 	417526 	219026 	2189883 	2783746 	2112852 	1586967 	: 	: 	: 	: 
NR,TOTAL,WORLD,ME	: 	: 	: 	: 	292268 	277732 	289318 	313282 	: 	: 	: 	: 	: 	: 	: 	: 
NR,TOTAL,WORLD,NL	: 	: 	: 	: 	20787548 	21901074 	18924718 	14533972 	469685014 	456190256 	463134398 	411760184 	: 	: 	: 	: 
NR,TOTAL,WORLD,PL	: 	: 	: 	: 	: 	: 	: 	: 	15867540 	17462844 	17739338 	15150722 	: 	: 	: 	: 
NR,TOTAL,WORLD,PT	: 	: 	: 	: 	313604 	404244 	72954 	392672 	: 	: 	: 	: 	: 	: 	: 	: 
NR,TOTAL,WORLD,RO	: 	: 	: 	: 	: 	: 	: 	: 	18833544 	18766868 	18082506 	17782290 	: 	: 	: 	: 
NR,TOTAL,WORLD,SI	: 	: 	: 	: 	1564660 	1007566 	1450654 	1087388 	3017879 	3230072 	3246009 	3071251 	: 	: 	: 	: 
NR,TOTAL,WORLD,SK	: 	: 	: 	: 	1274730 	1493678 	1865488 	1054712 	7199546 	8415758 	7976612 	7398973 	: 	: 	: 	: 
NR,TOTAL,WORLD,UK	: 	: 	: 	: 	865740 	640770 	771340 	600900 	844340 	542880 	1049580 	672848 	: 	: 	: 	: 
